-- phpMyAdmin SQL Dump
-- version 5.2.1
-- https://www.phpmyadmin.net/
--
-- Host: localhost:3306
-- Generation Time: Aug 27, 2024 at 11:10 PM
-- Server version: 8.0.37
-- PHP Version: 8.3.8

SET SQL_MODE = "NO_AUTO_VALUE_ON_ZERO";
START TRANSACTION;
SET time_zone = "+00:00";


/*!40101 SET @OLD_CHARACTER_SET_CLIENT=@@CHARACTER_SET_CLIENT */;
/*!40101 SET @OLD_CHARACTER_SET_RESULTS=@@CHARACTER_SET_RESULTS */;
/*!40101 SET @OLD_COLLATION_CONNECTION=@@COLLATION_CONNECTION */;
/*!40101 SET NAMES utf8mb4 */;

--
-- Database: `nscet_hackathon`
--

-- --------------------------------------------------------

--
-- Table structure for table `mentors`
--

CREATE TABLE `mentors` (
  `id` int NOT NULL,
  `name` varchar(255) COLLATE utf8mb4_general_ci NOT NULL,
  `dept` varchar(50) COLLATE utf8mb4_general_ci NOT NULL,
  `mentoring_teams` longtext CHARACTER SET utf8mb4 COLLATE utf8mb4_bin,
  `area_of_interest` longtext CHARACTER SET utf8mb4 COLLATE utf8mb4_bin,
  `email` varchar(255) COLLATE utf8mb4_general_ci NOT NULL,
  `designation` varchar(255) COLLATE utf8mb4_general_ci DEFAULT NULL,
  `password` varchar(255) COLLATE utf8mb4_general_ci NOT NULL
) ;

--
-- Dumping data for table `mentors`
--

INSERT INTO `mentors` (`id`, `name`, `dept`, `mentoring_teams`, `area_of_interest`, `email`, `designation`, `password`) VALUES
(1, 'PRATHAP S', 'ECE', NULL, '[\"Network \", \"Communication \", \"Embedded \"]', 'prthpraja@gmail.com', 'Assistant Professor', ''),
(2, 'J.Mathalai Raj', 'CSE', NULL, '[\"Internet of Things \", \"Artificial Intelligence \"]', 'hodcse@nscet.org', 'Assistant Professor', ''),
(3, 'Dr R ATHILINGAM', 'EEE', NULL, '[\"IOT\", \"Image processing \", \"Embedded system\"]', 'athilingam@nscet.org', 'Associate professor', ''),
(4, 'Dr T Venish Kumar', 'ECE', NULL, '[\"VLSI DESIGN\", \"Embedded systems (both hardware and software)\", \"Image processing \"]', 'venishkumar@nscet.org', 'Associate professor', ''),
(5, 'Dr.C.Mathalai Sundaram', 'MECH', NULL, '[\"Composite tool material \", \"Optimization \", \"Internet of things \", \"Reverse Engineering \"]', 'cmathalaisundaram@gmail.com', 'Professor & Principal', ''),
(6, 'Mathavan', 'ECE', NULL, '[\"Internet of Things \", \"RFID \", \"Sensor\"]', 'vpadmin@nscet.org', 'Vice Principal', ''),
(7, 'Arul Jothi S', 'CSE', NULL, '[\"Machine Learning\", \"Deep learning\"]', 'aruljothi@nscet.org', 'Assistant Professor', ''),
(8, 'Dr B.Radha Krishnan', 'MECH', NULL, '[\"Materials Science \", \"Manufacturing Process \", \"Waste Management \", \"E Car Technology \"]', 'radhakrishnan@nscet.org', 'Associate Professor', ''),
(9, 'K.Deepiga', 'CSE', NULL, '[\"Networks \"]', 'deepiga.kece@gmail.com', 'Assistant professor', ''),
(10, 'Dr.A.Solairaj', 'CSE', NULL, '[\"Artificial Intelligence \", \"Machine Learning \", \"Deep Learning \"]', 'solairaj@nscet.org', 'Assistant Professor', ''),
(11, 'PRATHAP.C', 'CSE', NULL, '[\"IMAGE PROCESSING\", \"AI&ML\"]', 'prathapc@nscet.org', 'HOD / S&H', ''),
(12, 'Nishetha Jeflin Nixon', 'EEE', NULL, '[\"Power electronics \", \"Renewable energy system \", \" Inverter and converters\", \"Power and energy systems\"]', 'nishethajeflinixon@nscet.org', 'Assistant Professor', ''),
(13, 'SHIVA C', 'EEE', NULL, '[\"Power Electronics \", \"Renewable energy resources \", \"Power quality \", \"Smart automation \"]', 'shiva@nscet.org', 'Assistant Professor', ''),
(14, 'IDHAYACHANDRAN M', 'ECE', NULL, '[\"VLSI Design\", \"Electronic Circuit Analysis\", \"Digital Electronics\", \"Digital Signal Processing\"]', 'idhayachandran@nscet.org', 'Assistant Professor', ''),
(15, 'Dr. C. Chithra', 'S&H', NULL, '[\"Statistics and Numerical Methods\", \"Graph theory\", \"Applications of Differrntial Equations\", \"Linear Algebra\"]', 'chitra.c@nscet.org', 'Professor', ''),
(16, 'Pradeep Kumar R', 'ECE', NULL, '[\"Nanoparticles\", \"Digital Systems Design\", \"Digital Image Processing\", \"Internet of things\"]', 'pradeepkumar@nscet.org', 'Assistant Professor', ''),
(17, 'Chitra R', 'EEE', NULL, '[\"Smart grid\", \"Wireless communication \", \"Power system Management \", \"Renewable energy \"]', 'chitrar@nscet.org', 'Assistant Professor', ''),
(18, 'M.Arulvizhi', 'S&H', NULL, '[\"Graph Theory\", \"Stochastic processes\", \"Statistics\", \"Real analysis\"]', 'arulvizhi@nscet.org', 'Assistant Professor', ''),
(19, 'R. C. Richard Britto', 'S&H', NULL, '[\"English Language Teaching \"]', 'richardbritto@nscet.org', 'Assistant Professor', ''),
(20, 'S. Jothi', 'S&H', NULL, '[\"Indian writing in English \", \"Language and Linguistics \", \"Feminism \", \"Children\'s Literature \"]', 'jothirose32@gmail.com', 'Assistant Professor', ''),
(21, 'Dhandayuthapani. R', 'S&H', NULL, '[\"Electronics\", \"Semiconductor Physics\", \"Atomic Physics\", \"Crystal Physics\"]', 'rdpani2000@gmail.com', 'Assistant Professor', ''),
(22, 'TAMILSELVI T', 'ECE', NULL, '[\"VLSI Design \", \"Wireless Communication \", \"Signal Processing \", \"Internet of Things \"]', 'tamilselvi@nscet.org', 'Assistant Professor', ''),
(23, 'S.Kalaivani', 'ECE', NULL, '[\"Signal Processing \", \"Communication\"]', 'kalaivani@nscet.org', 'Assistant Professor', ''),
(24, 'Dr. S. R. KRISHNAMOORTHI', 'S&H', NULL, '[\"PHYSICS MODELS\", \"ELECTRONICS\", \"MFIS / MOS DEVICE FABRICATIONS\"]', 'krishpdf@gmail.com', 'Associate Professor', ''),
(25, 'A. Vembathurajesh', 'MECH', NULL, '[\"Materials \", \"Thermal Engineering \", \"Composites\", \"High temperature application materials \"]', 'avr.krj@gmail.com', 'Assistant Professor', ''),
(26, 'Mahalakshmi M', 'S&H', NULL, '[\"Operations Research\", \"Differential Calculus\", \"Complex Analysis\", \"Linear Algebra\"]', 'mahabala.dgl@gmail.com', 'Assistant Professor', ''),
(27, 'M.Fathima Beevi', 'S&H', NULL, '[\"English Language Teaching\", \"Technical English\", \"English Literature \", \"Linguistics\"]', 'fathimabeevi@nscet.org', 'Assistant Professor', ''),
(28, 'P.Shantha  Devi', 'ECE', NULL, '[\"VLSI DESIGN\", \"Image processing \", \"IOT\"]', 'shanthadevi@nscet.org', 'Assistant Professor', ''),
(29, 'R. Karunyah', 'S&H', NULL, '[\"Mathematics\"]', 'mkaruniya@gmail.com', 'Assistant Professor', ''),
(30, 'Dr.V. ANANTHI', 'S&H', NULL, '[\"OPERATIONS RESEARCH\", \"TOPOLOGY\", \"DISCRETE MATHEMATICS \", \"STATISTICS AND NUMERICAL METHODS\"]', 'ananthiramesh06@gmail.com', 'Assistant Professor', ''),
(31, 'RAJAGURU K', 'S&H', NULL, '[\"Thin film\", \"Electronics\"]', 'rajaguru@nscet.org', 'Assistant Professor', ''),
(32, 'AYYANAPRABU J', 'CSE', NULL, '[\"CLOUD COMPUTING\", \"DATA STRUCTURE\"]', 'ayyanaprabu@nscet.org', 'Assistant Professor', ''),
(33, 'Gowthami P', 'ECE', NULL, '[\"Image Processing\", \"Communication systems\", \"Digital Electronics\", \"Nanotechnology\"]', 'gowthami@nscet.org', 'Assistant Professor', ''),
(34, 'ABIRAMI N', 'EEE', NULL, '[\"Digital Electronics \", \"VLSI design\", \"Machine learning \"]', 'abiramin@nscet.org', 'Assistant Professor', ''),
(35, 'Surulimani P', 'MECH', NULL, '[\"Manufacturing\", \"Welding\"]', 'surulimani@nscet.org', 'Assistant Professor', ''),
(36, 'Kesavamoorthy N', 'CSE', NULL, '[\"App Development\", \"ASP.NET\", \"Data Science\", \"Network\"]', 'kesavamoorthyncse@gmail.com', 'Assistant Professor', ''),
(37, 'Dr. N. David Mathan', 'S&H', NULL, '[\"Composites \", \"Water treatment\", \"Polymers for medicines \", \"Municipal solid waste management \"]', 'davidmathan@nscet.org', 'Professor', ''),
(38, 'M.Monica Dhana Ranjini', 'ECE', NULL, '[\"Image processing \", \"Embedded systems \", \"Wearable device\"]', 'monicadhanaranjini@nscet.org', 'Assistant Professor', ''),
(39, 'K.Ganesh', 'EEE', NULL, '[\"Power Systems \", \"Renewable Energy\", \"Energy Management\"]', 'ganesh@nscet.org', 'Assistant Professor', ''),
(40, 'Vinoth Kumar J', 'AI&DS', NULL, '[\"Artificial Intelligence \", \"Deep Learning \", \"Intelligent Systems \", \"Internet of Things\"]', 'vinothkumar@nscet.org', 'Assistant Professor', ''),
(41, 'Vijayalakshmi M', 'EEE', NULL, '[\"Power factor improvement through capacitor placement\", \"Smart grid\", \"Restructuring of power system\", \"Robotics\"]', 'vijayalakshmi@nscet.org', 'Assistant Professor', ''),
(42, 'Vignesh L S', 'AI&DS', NULL, '[\"Artificial Intelligence and Machine Learning\", \"Data Science and Big Data Analytics\"]', 'lsisreviving@gmail.com', 'Assistant Professor', ''),
(43, 'RAJA KARTHICK R', 'EEE', NULL, '[\"Distributed Control System \", \"Renewable Energy\", \"Electronic Devices and Circuits \", \"PLC and SCADA\"]', 'rajkarthik12@gmail.com', 'Assistant Professor', ''),
(44, 'Archana R', 'AI&DS', NULL, '[\"Data science \", \"Artificial Intelligence \"]', 'archana@nscet.org', 'Assistant Professor', ''),
(45, 'J.KANIMOLI', 'IT', NULL, '[\"Artificial intelligence \", \"Computer networks\", \"IoT\"]', 'kanimoli.1695@gmail.com', 'Assistant Professor', ''),
(46, 'K.Bharathi Kannan', 'ECE', NULL, '[\"VLSI Design\", \"Signal Processing \", \"Embedded Systems \", \"Communication system\"]', 'thistimeofbk@gmail.com', 'Assistant Professor', ''),
(47, 'S.Harikishore', 'MECH', NULL, '[\"Automated manufacturing \", \"Development of tools \", \"Optimization process\", \"Quality Control \"]', 'harikishoreidea@gmail.com', 'Assistant Professor', ''),
(48, 'Sangeetha', 'IT', NULL, '[\"Computer Network \", \"Data Science \", \"Artificial Intelligence \"]', 'sangeetha@nscet.org', 'Assistant Professor', ''),
(49, 'MALLAIYASAMY B', 'S&H', NULL, '[\"TOPOLOGY \", \"GRAPH THEORY \", \"STATISTICS \", \"OPERATION RESEARCH \"]', 'bmskprraja@gmail.com', 'Professor', ''),
(50, 'KEERTHANA. R', 'CSE', NULL, '[\"Artificial Intelligence \", \"Machine Learning \"]', 'keerthana@nscet.org', 'Assistant Professor', ''),
(51, 'Udhaya kumar R', 'CSE', NULL, '[\"Mobile application development / Android App \", \"Big data analytics/social mining\", \"Java programming \"]', 'udhayakumar@nscet.org', 'Assistant Professor', ''),
(52, 'Abirami kayathiri', 'AI&DS', NULL, '[\"AI\", \"DDM\", \"DBMS\", \"Cryptography\"]', 'abiramikayathiri@gmail.com', 'Assistant proffesor', ''),
(53, 'Dr.E.Ananthakrishnan', 'CIVIL', NULL, '[\"Water analysis/structural engineer mni\", \"Municipal solid waste \"]', 'ananthakrishnan.e@gmail.com', 'HOD in charge', ''),
(54, 'Kanimozhi M', 'CIVIL', NULL, '[\"Reinforced concrete structures \", \"Waste Management \"]', 'kanimozhi@nscet.org', 'Assistant Professor', ''),
(55, 'Nathirun Sabinash R', 'CIVIL', NULL, '[\"Waste Management \", \"Water analysis \"]', 'nathirunsabinash@nscet.org', 'Assistant Professor', ''),
(56, 'Shanmugapriyan R', 'CIVIL', NULL, '[\"Structural analysis\", \"Water treatment\", \"Prototype creation\"]', 'shanmugapriyan@nscet.org', 'Assistant Professor', ''),
(57, 'P. Arul Jebaraj', 'CIVIL', NULL, '[\"Structural engineering\", \"Disaster management\", \"Construction waste management\"]', 'aruljebaraj@nscet.org', 'Assistant Professor', ''),
(58, 'ARUNJUNAI KARTHICK K', 'CSE', NULL, '[\"Networks\", \"Cloud Computing\", \"IOT\"]', 'arunjunaikarthick@nscet.org', 'Assistant Professor', ''),
(59, 'N.Nagarathinam', 'SE (PG)', NULL, '[\"Structural design\", \"Quantity Surveying \", \"Surveying and Measurements \", \"CAD Drafting \"]', 'nagu_hky@yahoo.co.in', 'Head Incharge', ''),
(60, 'SINDHU M', 'CIVIL', NULL, '[\"Construction Materials\", \"Smart Irrigation\", \"Concrete Technology\"]', 'sindhucivil113@gmail.com', 'Assistent Professor', ''),
(61, 'MANIMARAN S', 'CIVIL', NULL, '[\"Concrete / hardware \", \"Concrete / software \"]', 'manimaran@nscet.org', 'Assistant Professor', ''),
(62, 'Sowmiya B', 'CIVIL', NULL, '[\"Environmental Engineering \"]', 'sowmiah@gmail.com', 'Assistant Professor', ''),
(63, 'Keerthana G', 'IT', NULL, '[\"DBMS\", \"Oops\", \"HTML\"]', 'keeru2293@gmail.com', 'ME. Cse', ''),
(64, 'PANDI PRABAKARAN R', 'EEE', NULL, '[\"IOT\", \"Arduino - Node Mcu, ESP32\", \"Smart Grid\", \"Embedded System\"]', 'prabaji007@gmail.com', 'Assistant Professor', ''),
(65, 'Gayathri S', 'CIVIL', NULL, '[\"Hydraulic engineering \", \"Structural engineering \"]', 'gayathri@nscet.org', 'Assistant Professor', ''),
(66, 'SIVAGANESAN V', 'MECH', NULL, '[\"Engineering Design\", \"Manufacturing Technology\", \"Design softwares\"]', 'sivaganesan@nscet.org', 'Assistant Professor', ''),
(67, 'ARU KUMAR G', 'MECH', NULL, '[\"Manufacturing Engineering \"]', 'arunkumar1603@gmail.com', 'Assistant Professor', ''),
(68, 'Santhaseelan R', 'MECH', NULL, '[\"Manufacturing\", \"Safety \", \"Design \"]', 'santhaseelan@nscet.org', 'Assistant Professor', ''),
(69, 'B.Abinaya', 'S&H', NULL, '[\"Water treatment \", \"Synthesis of nanao particles based on green engineering \"]', 'abisowmi167@gmail.com', 'Teaching fellow', ''),
(70, 'NAGARAJA R', 'MECH', NULL, '[\"Engineering Design \", \"Composite Material \", \"Machine Vision \", \"Optimization \"]', 'nagarajar22@gmail.com', 'Assistant Professor', ''),
(71, 'NAGARAJAN B', 'MECH', NULL, '[\"Coating \", \"Composites\", \"Manufacturing \", \"Material Testing \"]', 'nagarajan@nscet.org', 'Assistant Professor', ''),
(72, 'V.Thirumalairaj', 'MECH', NULL, '[\"Engineering Design\", \"Manufacturing \", \"Analysis \"]', 'thirumalairaj.in@gmail.com', 'Assistant Professor', ''),
(73, 'Mr. J. CHAKRAVARTHY SAMY DURAI', 'MECH', NULL, '[\"Automobile Engineering \", \"Manufacturing Engineering\", \"Production Engineering \", \"Thermal Engineering \"]', 'chakravarthysamydurai@nscet.org', 'Assistant Professor', ''),
(74, 'A. VENNIMALAI RAJAN', 'MECH', NULL, '[\"Composite Materials\", \"Production Engineering\"]', 'vennimalairajan@nscet.org', 'Assistant Professor', ''),
(75, 'Dr.M.Sathya', 'IT', NULL, '[\"Networking\", \"Internet of Things\", \"Artificial Inteligence\", \"OOPS\"]', 'hodit@nscet.org', 'Vice Principal & HOD - IT', '');

-- --------------------------------------------------------

--
-- Table structure for table `problem_statements`
--

CREATE TABLE `problem_statements` (
  `id` int NOT NULL,
  `ps_id` varchar(255) COLLATE utf8mb4_unicode_ci NOT NULL,
  `ps` text COLLATE utf8mb4_unicode_ci NOT NULL,
  `ps_description` varchar(5000) COLLATE utf8mb4_unicode_ci NOT NULL,
  `ps_domain` varchar(255) COLLATE utf8mb4_unicode_ci NOT NULL,
  `ps_type` int NOT NULL,
  `teams_id` longtext CHARACTER SET utf8mb4 COLLATE utf8mb4_bin,
  `submission_count` int NOT NULL,
  `updated_at` datetime NOT NULL DEFAULT CURRENT_TIMESTAMP,
  `created_at` datetime NOT NULL DEFAULT CURRENT_TIMESTAMP
) ENGINE=InnoDB DEFAULT CHARSET=utf8mb4 COLLATE=utf8mb4_unicode_ci;

--
-- Dumping data for table `problem_statements`
--

INSERT INTO `problem_statements` (`id`, `ps_id`, `ps`, `ps_description`, `ps_domain`, `ps_type`, `teams_id`, `submission_count`, `updated_at`, `created_at`) VALUES
(1, 'NH-H01', 'Construction Site Safety', 'Develop an application for monitoring construction site safety using wearable technology and real-time alerts for hazardous conditions.', 'Smart Automation', 1, NULL, 0, '2024-08-27 03:30:31', '2024-08-27 02:30:35'),
(2, 'NH-H02', 'Ensuring Safe Drinking Water through Instant Water Test Kits', 'Current water testing methods are not suitable for rapid, on-site testing, especially in remote or underdeveloped areas. This delay in detecting contaminants can result in prolonged exposure to harmful substances, posing serious health risks to the population. There is a critical need for a quick, reliable, and user-friendly solution to test water quality instantly.', 'HealthTech', 1, NULL, 0, '2024-08-27 02:29:56', '2024-08-27 02:30:35'),
(3, 'NH-H03', 'Crack Identification and Remediation Tool for Concrete Structures', 'Concrete cracking is a prevalent issue in the construction industry, often leading to compromised structural integrity, increased maintenance costs, and reduced lifespan of structures. The challenge lies not only in the occurrence of cracks but also in accurately identifying the type of crack, understanding its underlying cause, and implementing the most effective repair strategy. \n', 'Smart Automation', 1, NULL, 0, '2024-08-27 02:29:56', '2024-08-27 02:30:35'),
(4, 'NH-H04', 'Fire resistant construction materials', 'To maintain the bonding between construction materials under high temperature or impact load.', 'Disaster Management', 1, NULL, 0, '2024-08-27 02:29:56', '2024-08-27 02:30:35'),
(5, 'NH-H05', 'Automatic Energy Saving System', 'Electricity is the critical need for progress of\nthe livelihood. ln many Indian cities, the maintenance of street lights has become\na challenging and inefficient process due to the lack of a centralized monitoring\nsystem. ldentifying faults, such as non- functioning lights, current leakage and\ncable breakage, relies on citizen grievances, leading to delays, increased costs,\nand safety concerns. Hence, an automatic system to be developed in searching for\nfaults, diagnosing issues, and fixing them.', 'Sustainable Energy', 1, NULL, 0, '2024-08-27 02:29:56', '2024-08-27 02:30:35'),
(6, 'NH-H06', 'Solar Efficient System ', 'In recent days, energy generation using solar panels are in high demand, due to lack of proper maintanance of the solar system energy generation is degrading to the levels. Hence, an automatic system to be developed for saving the solar energy.', 'Sustainable Energy', 1, NULL, 0, '2024-08-27 02:29:56', '2024-08-27 02:30:35'),
(7, 'NH-H07', 'Development of a Clay Extruder for 3D Printing', 'A fully functional clay extruder that can be integrated into a 3D printer, enabling the creation of complex ceramic objects with high precision and consistency. The extruder should be easy to use, maintain, and compatible with a variety of clay types.', 'Smart Automation', 1, NULL, 0, '2024-08-27 02:29:56', '2024-08-27 02:30:35'),
(8, 'NH-H08', 'Create communication model or temporary network structure for indecisiveness area', 'The goal is to develop a system that enhances communication flow and decision-making efficiency within an indecisive context. This may involve creating a model that identifies key communication nodes, information pathways, and decision checkpoints. Alternatively, a temporary network structure could be designed to connect various stakeholders and resources in a way that supports real-time collaboration and feedback.', 'Smart City', 1, NULL, 0, '2024-08-27 02:29:56', '2024-08-27 02:30:35'),
(9, 'NH-H09', 'Field Marking by Drone', 'Footing marking is more complicated process of construction, as it need to be Precious. It is difficult to maintain accuracy in field marking in manual marking. Incorrect marking will lead to major mistake in further stages', 'Robotics and Drones', 1, NULL, 0, '2024-08-27 02:29:56', '2024-08-27 02:30:35'),
(10, 'NH-H10', 'Conveyor Belt Fault Detection', 'In a industry, the long cable belt conveyor is supported on pulleys. A steel rope runs over these pulleys while the belt sits over\nthem. The conveyor is operated by pulling the steel ropes with a drive motor. The rope gets elongated due to pulling force leading to breakage of its strands. Similarly, the belt also gets worn out causing stoppage of conveyor operation unpredictably. In order to overcome this, we require a solution to predit the condition of belt well in advance.', 'Smart Automation', 1, NULL, 0, '2024-08-27 02:29:56', '2024-08-27 02:30:35'),
(11, 'NH-H11', 'Smart Irrigation System for Precision Farming', 'Water scarcity is a major challenge in agriculture, leading to inefficient water use and reduced crop yields. Traditional irrigation methods often result in overuse or underuse of water. Develop a smart irrigation system that utilizes sensors and IoT technology to monitor soil moisture levels and weather conditions. This system will provide real-time data to farmers, enabling them to make informed decisions on irrigation scheduling, thus optimizing water usage and enhancing crop yield. A smart irrigation module integrated with moisture sensors and a mobile application to provide farmers with timely irrigation alerts and recommendations based on real-time data.', 'Smart Resource Conservation', 1, NULL, 0, '2024-08-27 02:29:56', '2024-08-27 02:30:35'),
(12, 'NH-H12', 'Effective management of construction and demolition (C&D) waste', 'C & D becomes unavoidable material in construction industry. Dumping or storing all C & D will pollute environment.\n', 'Waste Management', 1, NULL, 0, '2024-08-27 02:29:56', '2024-08-27 02:30:35'),
(13, 'NH-H13', 'Water Quality Monitoring and Treatment System', 'Design a real-time water quality monitoring system that uses hardware such as IoT-enabled sensors to continuously measure parameters like pH, turbidity, chemical contamination, and bacterial levels in water supplies. The software should analyze this data in real-time and automatically control treatment systems to maintain safe water quality. It should also provide alerts to water authorities and the public if contaminants are detected, along with recommendations for immediate action.', 'Smart Resource Conservation', 1, NULL, 0, '2024-08-27 02:29:56', '2024-08-27 02:30:35'),
(14, 'NH-H14', 'Value added products from Agri waste through waste to wealth Approach', 'Burning crop residue depletes the soil\'s organic matter, microorganisms in the upper layer, nutrients, and solubility; it also pollutes the environment and increases the layer of impermeable ash at the field level. Waste management is an urgent issue that needs to be approached from several angles. A single organization or location cannot handle all kinds of agricultural wastes. There are variations in the volume and quantity of garbage generated for each type.', 'Waste Management', 1, NULL, 0, '2024-08-27 02:29:56', '2024-08-27 02:30:35'),
(15, 'NH-H15', 'Fitness Square', 'The problem involves the untapped potential of harnessing kinetic energy generated during gym workouts for power generation. The challenge is to design a non-intrusive, efficient system that captures and converts mechanical energy from various exercise machines into electrical energy. The solution should be scalable, cost-effective, and encourage widespread adoption in fitness centers. Successful implementation not only contributes to sustainable energy initiatives but also revolutionizes the fitness industry by promoting environmentally conscious practices.', 'Smart Automation', 1, NULL, 0, '2024-08-27 02:29:56', '2024-08-27 02:30:35'),
(16, 'NH-H16', 'IoT Based Water Heater', 'Now a days Most of the people are using Electric Water Heater. In some occasions few people lost their life because of touching the water when the power supply is on. So to prevent this come up with latest technology to overcome the above problem.', 'Smart Automation', 1, NULL, 0, '2024-08-27 02:29:56', '2024-08-27 02:30:35'),
(17, 'NH-H17', 'Industry Dust Collector', 'In recent days, most of the people are suffering from asthma and other health issues due to air polution exclusively bacause of the dust coming out from the industries. An automatic system is to be developed to address this issue which can do air purification.', 'Smart City', 1, NULL, 0, '2024-08-27 02:29:56', '2024-08-27 02:30:35'),
(18, 'NH-H18', 'Smart TransBot System', 'There is a packaging box manufacturing company in Hyderabad. From the production unit to the storage area, the workers need to transport them. However, the management is searching for a bot that can pick up and place the 15 cm by 10 cm by 10 cm packing box on the conveyor.', 'Robotics and Automation', 1, NULL, 0, '2024-08-27 02:29:56', '2024-08-27 02:30:35'),
(19, 'NH-H19', 'Shortest Path Finding Bot', ' The probe which in most cases is referred to as a Bot, that follows the shortest path as specified in the arena which consumes less amount of time. There is a need to build a manually controlled, wireless Bot which can accommodate in 20cm, 20cm and 20cm dimensional box meeting the requirements specified. ', 'Robotics and Automation', 1, NULL, 0, '2024-08-27 02:29:56', '2024-08-27 02:30:35'),
(20, 'NH-H20', 'Development of a non-electrical device for tracking the movement of the sun for movement of the solar panels, increasing their efficiency.', 'Solar panels are most efficient when they are directly facing the sun. However, the sun’s position changes throughout the day and across seasons, which can reduce the amount of sunlight that fixed solar panels receive. Description: Traditional solar tracking systems often rely on electrical components and motors, which can be costly and require maintenance. A non-electrical tracking system offers a sustainable and low-maintenance alternative to enhance the efficiency of solar panels. Expected Solution: The problem statement is to develop a cost-effective, non-electrical device that can accurately track the sun’s movement and adjust the orientation of solar panels to maintain optimal exposure. This device should be reliable, easy to install, and capable of operating without external power sources.', 'Sustainable Energy', 1, NULL, 0, '2024-08-27 02:29:56', '2024-08-27 02:30:35'),
(21, 'NH-H21', 'GOBARdhan - Simple control systems and/or instrumentation for small biogas plants that will allow better process control leading to effective digestion and improved yield of biogas.', 'In Bio slurry production at village level, we witnessed few challenges and issues accociated with handling, utilization and some common issues with bio-slurry are Pathogen Contamination Accumulation, Anaerobic, Conditions, Transport and Storage. Expected Solution: a. Simple control systems and/or instrumentation for small biogas plants that will allow better process control leading to effective digestion and improved yield of biogas b. Low-cost kits to measure nutrient content of F/L OM c. Low-Cost enrichment models for F/L OM (Fermented/Liquid Organic Manure)', 'Sustainable Energy', 1, NULL, 0, '2024-08-27 02:29:56', '2024-08-27 02:30:35'),
(22, 'NH-H22', 'Developing writing pen and writing pad for children with Specific learning disability.', 'Children with Specific Learning Disability (SLD)who faces challenge of writing during their academic life especially during examinations where they need the provisions of a scribe. The purp ose of rehabilitating people with disabilities is to reduce the dependence on other people. In order to achieve this fundamental right to be independent, it is important to develop innovative strategies and solutions to come up with some hardware tools like writing penand writing pad for children with specific learning difficulties so that their academic life does not become a hurdle in realising their full potential. The innovative technology or solution should be cost effective and easily usable so that children with all strata can afford to use this. Detailed Description: In India, the Central Board of Secondary Education (CBSE) and other educational boards provide several relaxations for students with learning disabilities (SLD) during examinations such as having a scribe during exams. A scribe writes answers as dictated by the child. The scribe must be from a lower grade than the child appearing for the exam. CBSE provides remuneration for the scribe, and you can also apply for your own scribe if needed. If a child has difficulty reading, they are entitled to a reader who reads (not explains) the questions to the child. However, a child can have either a reader or a scribe, not both. CBSE grants additional time to students with disabilities. For example: 60 extra minutes for a three-hour exam 40 extra minutes for a two-hour exam 30 extra minutes for a one-and-a-half-hour exam. Since January 2020, CBSE allows the use of calculators for children with dyscalculia. The board provides these calculators.Theseaccommodations aim to create a level playing field for students with learning disabilities, ensuring they can demonstrate their knowledge effectively during exams. However it has some disadvantages as well like some students may become overly reliant on scribes, affecting their independent writing skills.Students may feel uncomfortable dictating their answers to someone else. Availability of trained scribes can be a challenge, especially during exams. The quality of scribing may vary, impacting the accuracy of the student’s responses. Also some of the people are misusing the benefits by training or teaching the scribe rather than the child with SLD to write the exam and score good marks. Expected Solutions: To develop innovative strategies and solutions to come up with some hardware tools like writing pen and writing pad for children with specific learning difficulties so that their academic life does not become a hurdle in realising their full potential. The innovative technology or solution should be cost effective and easily usable so that children with all strata can afford to use this.', 'Smart Education', 1, NULL, 0, '2024-08-27 02:29:56', '2024-08-27 02:30:35'),
(23, 'NH-H23', 'Al based acoustic wave monitoring of rail defects like cracks, fracture and prediction for rail wear, quality along with other parameter.', 'Rails are used for the movement of trains and if there are major defects in the track then accident may happen or riding comfort in train may be compromised. Rail defects such as cracks, fractures, and wear are critical issues in the railway industry, leading to safety hazards, operational disruptions, and increased maintenance costs. Early detection and prediction of these defects are essential for ensuring the reliability and safety of railway infrastructure. These defects are to be noticed while train is moving. Description: The problem statement aims to develop an Al-based acoustic wave monitoring system for the early detection of rail defects and prediction of wear and quality parameters. The system will utilize acoustic waves to transmit to the rail tracks and its pattern will be monitored. The system will be capable of distinguishing between normal operating conditions and the presence of defects or abnormal wear patterns. Expected Solution: The proposed solution will involve the development of a comprehensive acoustic wave monitoring system for railway tracks. This system will consist of transmission side and reception side. Reception side sensors would be capable of predicting the track structure, quality of the rail and distance from a central fixed point.', 'Smart Automation', 1, NULL, 0, '2024-08-27 02:29:56', '2024-08-27 02:30:35'),
(24, 'NH-H24', 'Development of Tyre Maintenance and Operation App, including fitment of necessary IIoT related hardware in Dumpers', 'Tyre cost is one of the most important O&M cost in dumpers. In high capacity dumpers of CIL, the tyres are imported ones, and cost of such tyre is more than Rs. 25.00 lakhs each. Two aspects are equally crucial for tyre management in a mine – The first is the proper assessment of TKPH, and the second is proper maintenance of tyre pressure. Besides these two aspects, proper tyre performance analysis is also important. TKPH: Tonne-Kilometer-Per-Hour It is indicative of how much average load is carried by an individual tyre, for a given average speed condition, during an entire shift of operation. TKPH = (Mean load on tyre in tonne) x (AWSS in km/hour) Where, Mean Load is the average load in empty condition and loaded condition, and AWSS is the Average Speed during the Work Shift. Assessing the correct TKPH requirement by the user for a particular mining condition is the most important task. The user has to seek a particular TKPH tyre from the manufacturer. Manufacturer accordingly manufactures and supplies the same TKPH tyre to the user, by using suitable tread pattern and tyre compound in its factory. More is the TKPH, more heat-resistance the tyre will be. But if the TKPH is increased just to ensure heat-resistance, then it adversely affects the cut-resistance properties of the tyre. If operating TKPH is very very less than the designed TKPH of tyres, there will not be heat- failures, but cut-failures will increase. So, there should be a balance between the heat-resistance and cut-resistance properties, and proper assessment of TKPH is a must. Actions required: The payload monitoring system has already been installed in CIL’s dumpers, and the payload as well as operating speed per shift is being continuously recorded in the Vehicle’s Productivity and Health Monitoring System. By using suitable IoT application and suitable app, the payload and speed data may be directly transferred and analysed through the suitable app, so that correct value of TKPH assessment may be made directly through the mobile app. This assessed TKPH will be very helpful in procurement of suitable tyres for a particular geo mining condition. Tyre Pressure Proper tyre pressure is equally important for tyre life. Incorrect tyre pressure adversely affects the fuel economy, as well as the performance of other vital systems of the vehicle, apart from creating safety issues also. In a big mine, regular checking of tyre pressure for all the dumpers remain a daunting task, and involves lot of time and manpower resources. Expected Solution: Suitable Tyre Pressure Sensors along with data transfer mechanism need to be installed in the dumpers, which can be used in real-time capturing of tyre pressure of all tyres fitted in the dumper. So, first of all necessary IIoT system along with hardware need to be fitted in the dumper. Next, appropriate application may be developed, to transfer the real-time tyre pressure data through the Mobile App. The real-time tyre pressure data may also be simultaneously displayed to the operator with suitable alarm system in case of low tyre pressure. In case of low tyre pressure, suitable alerts may be incorporated for Mobile App user. If such a system through Mobile App is controlled effectively by Maintenance team, they may not require to check each and every tyre pressure physically, rather they can directly identify the tyres which need immediate attention. This will help in optimum utilization of the tyre maintenance resources, and avoiding unnecessary downtime. Tyre Performance Analysis Apart from the above two aspects of tyres maintenance and operation, the Mobile App may also keep tyre-wise, its fitment position-wise records to properly assess the tyre performance and reasons of failures including premature failures, if any. Such provisioning in the App will automatically compute the individual tyre life obtained in a particular mine; and if linked to costing, it will automatically compute the cost/working hour of tyres. Such analysis will go a long way in improving the tyre performance in CIL.', 'Smart Automation', 1, NULL, 0, '2024-08-27 02:29:56', '2024-08-27 02:30:35'),
(25, 'NH-H25', 'Prediction of Aluminium wire rod physical properties through AI, ML or any modern technique for better productivity and quality control.', 'Auminium wire rod is produced in Wire rod mills of cast house, where an aluminium cast bar of trapezoidal cross section having area 3437 sq. mm is first casted and then further rolled by 15 nos. of stand in series to gradually reduce the cross section to obtain final 9.5 mm diameter rod. Description: The casting parameters that affects the wire rod properties like UTS, Elongation and Conductivity are dependent on chemical composition, casting temp. Cooling water temp. , Casting speed, Cast bar entry temperature at rolling mill, Emulsion temperature and pressure at rolling mill, Emulsion concentration and finally rod quench water pressure. These parameters are dynamic in nature and any deviation on one of the above affects the final rod properties. Expected Solution: Use of AI, ML or any modern technique to analyze those parameters and control them to effectively obtain the final desired parameters of the Wire rod produced.', 'Smart Automation', 1, NULL, 0, '2024-08-27 02:29:56', '2024-08-27 02:30:35'),
(26, 'NH-S01', 'AR-Enhanced E-Commerce Experience', 'Develop an augmented reality (AR) application that enhances the traditional shopping experience by allowing users to virtually try on clothing and accessories in real-time. The application should provide accurate size and fit simulations, showcase a wide range of virtual products, and seamlessly integrate with existing e-commerce platforms.', 'Augmented Reality (AR)', 0, NULL, 0, '2024-08-27 02:52:44', '2024-08-27 02:30:35'),
(27, 'NH-S02', 'Multilingual  AI Bot with Voice Assistant', 'Develop an AI bot with a Voice assistant that listens to end-user questions/queries and replies back with a proper response(S2S) system. The challenge here would be that the end user can speak in any language and the bot should be able to respond in the same language. The AI bot should have a character and a back story (e.g., A rude banker who hesitates to answer the query to the customer or a soft and humble actor who loves to respond to his fans) and should stick to it. The bot should answer only related to its backstory and character.', 'Artificial Intelligence (AI)', 0, NULL, 0, '2024-08-27 02:29:56', '2024-08-27 02:30:35'),
(28, 'NH-S03', 'Microphone Array-Based Direction of Arrival for Gunshot Detection', 'The Army of many developed countries has their own gunshot detector system which would alert the troop about the direction from where gun shot has been fired so that troop can take preventive measure to safeguard their soldiers. The system consists of number of omnidirectional microphones preferably six. The output of microphone will be fed to the analog to digital converter and then this signal is fed to the FPGA . Inside FPGA, each channel will be filtered using Bandpass filter so as to limit the band to approx. 3Khz. After this sound classification and localization algorithm will deduce the direction from where the bullet has been fired and display the result on a Graphical LCD. The expected solution need to be an FPGA based solution with suitable algorithm for classification and localization of sound. The final result will be displayed on Graphic LCD.', 'Signal Processing', 0, NULL, 0, '2024-08-27 02:29:56', '2024-08-27 02:30:35'),
(29, 'NH-S04', 'Utilization of images for monitoring of progress of construction activities for building construction projects', 'The monitoring of physical progress of construction activities requires a technical expert to visit and observe the site. Due to large number of projects in Indian cities, field visits by technical experts for weekly/daily monitoring becomes non-feasible', 'Artificial Intelligence (AI)', 0, NULL, 0, '2024-08-27 02:29:56', '2024-08-27 02:30:35'),
(30, 'NH-S05', 'Software for Detecting and Notifying Malicious Websites', 'A large number of people are using online platforms for meetings and educational purposes.Now when everyone is dependent on the internet there is a high risk of getting into malicious websites which can even lead to loss of important information. To ensure their safety build software that can detect these malicious websites and can notify in time alerts to prevent the loss of important information and enhance online safety.', 'Cybersecurity', 0, NULL, 0, '2024-08-27 02:29:56', '2024-08-27 02:30:35'),
(31, 'NH-S06', 'Free flow of untested and fake seeds', 'The uncontrolled distribution and use of untested and fake seeds in agriculture is a growing concern. These seeds are often sold without proper certification or quality checks, leading to significant agricultural failures, loss of income for farmers, and potential environmental harm. The lack of regulation and awareness among farmers exacerbates the issue, allowing the continued spread of substandard seeds.', 'Smart Agriculture', 0, NULL, 0, '2024-08-27 02:29:56', '2024-08-27 02:30:35'),
(32, 'NH-S07', 'Enhancing Public Health and Hygiene through Smart Toilet Systems', 'Current public restroom facilities lack the technology to monitor and maintain cleanliness effectively. This results in unsanitary conditions, which can lead to the spread of diseases and discomfort for users. Furthermore, there is an untapped potential for using restroom visits as a means to monitor health indicators, which could provide early warnings for various medical conditions.', 'Internet of Things (IoT) & HealthTech', 0, NULL, 0, '2024-08-27 02:29:56', '2024-08-27 02:30:35'),
(33, 'NH-S08', 'Build an Automatic Illegal Solid Waste Dumping Alert system', 'There are many locations where illegal waste is dumoed by citizens.The participants are expected to provide a solution real time tracking and alert systems for illegal waste dumping on the map.', 'Internet of Things (IoT) & Smart City', 0, NULL, 0, '2024-08-27 02:29:56', '2024-08-27 02:30:35'),
(34, 'NH-S09', 'Automated Examination Hall Allocation System', 'In an academic setting, the process of allocating examination halls to students based on their registered numbers is often manual, time-consuming, and prone to errors. This process involves assigning each student to a specific examination hall according to their registration number and ensuring that the information is accessible to the students on the day of the exam. The current manual system can lead to confusion, misplaced students, overcrowding, and inefficiencies. There is a need for an automated system that can generate and display the examination hall plan accurately and efficiently.', 'Smart Education', 0, NULL, 0, '2024-08-27 02:29:56', '2024-08-27 02:30:35'),
(35, 'NH-S10', 'Use of Digital Technology to calculate Water Footprints for different Agricultural Products', 'The water footprint measures the amount of water used to produce each of the goods and services we use. The water footprint helps us understand for what purposes our limited freshwater resources are being consumed. The impact of it depends on where the water is taken from and when, if it comes from a place where water is already scarce, the consequences can be significant and require action. The increase in the amount of non-available water due to pollution and scarce groundwater level has added more water footprints, at the community as well as at the personal levels. An increased · water footprint directly affects the health and future of the citizens. Preventing severe drought in water-stressed areas is only going to be possible if water is used with more care and efficiency, this can be achieved if we have readily available data of water footprints. Hence, by using digital technologies like AI, Big Data, Block chain etc. and computer languages, a user friendly app or website may be developed which can provide the water footprints of different items/ final products we eat by feeding little inputs like name, or just by scanning through camera like Google lens. The app should support local languages; this will ensure the pan India usage and sensitize the people about water footprints of items they use in daily life.', 'Smart Agriculture', 0, NULL, 0, '2024-08-27 02:29:56', '2024-08-27 02:30:35'),
(36, 'NH-S11', 'Real-Time Disaster Information Aggregation Software', 'Disaster response agencies often stuggle to gather timely and specific information about emergencies from various sources. Social media platforms serve as a valuable repository of such data, but manually monitoring and sorting through the vast amount of information is inefficient and resource-intensive. There is a pressing need for a software solution that can efficiently aggregate and categorize specific disaster-related data from social media, news portals, and other open sources. This software would utilize advanced algorithms to sift through the abundance of information and classify it into different categories data would then be presented on a user- friendly dashboard, allowing disaster response agencies to quickly access relevant information and plan their actions accordingly. The software solutions will streamline the process of gathering and categorizing disaster-related data from various soucres, significantly reducing the time required for response efforts. By providing real-time insights and actionable information, the software will enhance the effectiveness of disaster response operations, ultimately saving lives.', 'Disaster Management', 0, NULL, 0, '2024-08-27 02:29:56', '2024-08-27 02:30:35'),
(37, 'NH-S12', 'Smart Competency Diagnostic and Candidate Profile Score Calculator', 'Develop an AI-powered employment platform that offers personalized job matching and skill development. The system should assess job seekers\' competencies through diagnostic tests, recommend suitable job opportunities, and suggest training courses to address skill gaps. It should also provide real-time job market insights, adaptive learning pathways, resume-building tools, and community support. The goal is to enhance job seekers\' employability and skill alignment with market demands.', 'Artificial Intelligence (AI)', 0, NULL, 0, '2024-08-27 02:29:56', '2024-08-27 02:30:35'),
(38, 'NH-S13', 'Annual Report Portal for Educational Institutes', 'Develop a user-friendly portal to streamline the creation of annual reports for educational institutes, consolidating data from various departments into a cohesive, interactive format. The portal should provide secure login and role management, support data import and integration from diverse sources, offer tools for analyzing and visualizing key metrics, automate report generation with customizable templates, and facilitate collaborative editing and feedback. The solution must be intuitive, responsive across devices, and compliant with relevant data privacy regulations.', 'Smart Education', 0, NULL, 0, '2024-08-27 02:29:56', '2024-08-27 02:30:35'),
(39, 'NH-S14', 'Development of an Educational Game (Web and Mobile Based) on Groundwater Conservation and Management', 'Learn while you play is considered the most effecting way of teaching. Internet/mobile based games could be one of the best ways to lure school kids, youth and water enthusiasts to learn the nuances of ground water management. With this backdrop it is proposed to develop an internet/mobile based game that teaches good practices in groundwater conservation in an interactive and fun way. The game should take into account various interventions (artificial recharge, microirrigation, crop diversification) and possible scenarios (drought, surplus rain, contamination etc). The gamer can earn points or coins based on the choices that he (or she) makes. The scores of registered gamers will be stored online and water-smart youths can be identified and certified. The game can be used for training and awareness creation.', 'Smart Resource Conservation', 0, NULL, 0, '2024-08-27 02:29:56', '2024-08-27 02:30:35'),
(40, 'NH-S15', 'Automated Bus Scheduling and Route Management System', 'Develop an automated system for efficient bus scheduling and route management to replace manual methods. The system should handle both linked and unlinked duty scheduling, map existing and new routes, and optimize route planning using algorithms and GIS technologies. Key features include crew assignment management, rest period handling, route visualization, and overlap detection. The goal is to enhance operational efficiency, reduce errors, and improve service reliability.', 'Transportation & Logistics', 0, NULL, 0, '2024-08-27 02:29:56', '2024-08-27 02:30:35'),
(41, 'NH-S16', 'Women Safety Analytics – Protecting Women from Safety Threats', 'Develop real-time threat detection software to enhance women\'s safety through advanced analytics. The system should monitor environments to detect anomalies, such as a lone woman at night or unusual gestures, and generate alerts to prevent potential incidents. Key features include person detection with gender classification, gender distribution analysis, SOS gesture recognition, and identification of high-risk hotspots. The solution aims to improve public safety and support law enforcement in preventing crimes against women.', 'Safety', 0, NULL, 0, '2024-08-27 02:29:56', '2024-08-27 02:30:35'),
(42, 'NH-S17', 'Effective Automated Attendance Management System for a Classroom', 'To design and implement an Automated Attendance Management System that utilizes high-resolution cameras equipped with advanced facial recognition technology. This system should automatically capture and record attendance as students enter the classroom, ensuring accuracy and efficiency. The solution should minimize instructional disruption, provide real-time data, and enhance the security of attendance records. Additionally, it should be user-friendly, seamlessly integrate with existing educational infrastructure, and offer analytics to support academic decision-making.', 'Smart Education', 0, NULL, 0, '2024-08-27 02:29:56', '2024-08-27 02:30:35'),
(43, 'NH-S18', 'Smart Irrigation System for Precision Farming', ' Water scarcity is a major challenge in agriculture, leading to inefficient water use and reduced crop yields. Traditional irrigation methods often result in overuse or underuse of water.Develop a smart irrigation system that utilizes sensors and IoT technology to monitor soil moisture levels and weather conditions. This system will provide real-time data to farmers, enabling them to make informed decisions on irrigation scheduling, thus optimizing water usage and enhancing crop yield. Expected Solution: A smart irrigation module integrated with moisture sensors and a mobile application to provide farmers with timely irrigation alerts and recommendations based on real-time data.', 'Smart Agriculture', 0, NULL, 0, '2024-08-27 02:29:56', '2024-08-27 02:30:35'),
(44, 'NH-S19', 'Automatic Health Monitoring System', ' In present days, the patients belonging to rural and sub-urban communties do not maintain the diagnosis reports for which they frequently go for regular checkups wasting there valuable money. Thus, an automatic report maintaining system is to be developed to avoid repetitive diagnosing of the patients.', 'HealthTech', 0, NULL, 0, '2024-08-27 02:29:56', '2024-08-27 02:30:35'),
(45, 'NH-S20', 'Parsing of Social Media Feeds', 'Develop a tool to automate the parsing of social media data for investigative purposes. The tool should capture and document posts, messages, timelines, friend lists, and account details from platforms like Facebook, Twitter, Instagram, Telegram, WhatsApp, and Google. It should generate screenshots and reports in a structured format to minimize human error and streamline the review process. The solution should be available in both Android and Windows versions to accommodate different access scenarios.', 'Cybersecurity', 0, NULL, 0, '2024-08-27 02:29:56', '2024-08-27 02:30:35'),
(46, 'NH-S21', 'Audio & Video Translate System', ' A large portion of audio & videos are available in English. It consumes large amount of time by the experts in respective languages to convert them into required languages which could have been utilized in developing novel methodologies. The Challenge is to develop a system that can translate audio/videos from English to other languages effectively without any distortions and time consuming process with minimum human involvement.', 'Smart Automation', 0, NULL, 0, '2024-08-27 02:29:56', '2024-08-27 02:30:35'),
(47, 'NH-S22', 'AI-Driven Personalized Learning Platform', 'Traditional education systems often struggle to address the individual learning needs of students due to a one-size-fits-all approach. There is a need for a system that can adapt to each student’s learning style, pace, and progress.', 'Smart Education', 0, NULL, 0, '2024-08-27 02:29:56', '2024-08-27 02:30:35'),
(48, 'NH-S23', 'Deep Learning and Blockchain for Secure Medical Data Sharing', 'Securely sharing medical data between healthcare providers while ensuring patient privacy is challenging due to concerns over data breaches and unauthorized access. Traditional data-sharing methods may not fully address these security and privacy issues.', 'Artificial Intelligence (AI) & Blockchain', 0, NULL, 0, '2024-08-27 02:29:56', '2024-08-27 02:30:35'),
(49, 'NH-S24', 'Digital Learning Management System for Remote Education', 'Remote education can be challenging due to the lack of effective tools for course management, student engagement, and assessment.', 'Artificial Intelligence (AI) & Smart Education', 0, NULL, 0, '2024-08-27 02:29:56', '2024-08-27 02:30:35'),
(50, 'NH-S25', 'Deep Learning and Precision Agriculture for Crop Health Monitoring', 'Farmers face significant challenges in monitoring crop health and managing diseases due to limited resources and the vast scale of agricultural fields. Traditional methods of crop inspection can be labor-intensive and may not detect issues until they are well-developed.', 'Artificial Intelligence (AI) & Smart Agriculture', 0, NULL, 0, '2024-08-27 02:29:56', '2024-08-27 02:30:35');

-- --------------------------------------------------------

--
-- Table structure for table `students`
--

CREATE TABLE `students` (
  `id` int NOT NULL,
  `name` varchar(255) COLLATE utf8mb4_general_ci NOT NULL,
  `reg_no` char(12) COLLATE utf8mb4_general_ci NOT NULL,
  `dept` varchar(50) COLLATE utf8mb4_general_ci NOT NULL,
  `year` enum('I','II','III','IV') COLLATE utf8mb4_general_ci NOT NULL,
  `gender` enum('Male','Female') COLLATE utf8mb4_general_ci NOT NULL,
  `team_id` int DEFAULT NULL
) ENGINE=InnoDB DEFAULT CHARSET=utf8mb4 COLLATE=utf8mb4_general_ci;

--
-- Dumping data for table `students`
--

INSERT INTO `students` (`id`, `name`, `reg_no`, `dept`, `year`, `gender`, `team_id`) VALUES
(1, 'ABINAYA P', '921021103001', 'CIVIL', 'IV', 'Female', 216),
(2, 'ABIRAMI E', '921021103002', 'CIVIL', 'IV', 'Female', 73),
(3, 'AJANTHAN R', '921021103004', 'CIVIL', 'IV', 'Male', 2),
(4, 'DHANALAKSHMI S', '921021103006', 'CIVIL', 'IV', 'Female', 39),
(5, 'DHARUNAA R', '921021103007', 'CIVIL', 'IV', 'Female', 35),
(6, 'DHINESH KUMAR V', '921021103008', 'CIVIL', 'IV', 'Male', 55),
(7, 'HARIPRABHA V', '921021103009', 'CIVIL', 'IV', 'Female', 73),
(8, 'HASEENA BANU S', '921021103010', 'CIVIL', 'IV', 'Female', 233),
(9, 'HEMA T', '921021103011', 'CIVIL', 'IV', 'Female', 233),
(10, 'KARUNAKARAN R', '921021103012', 'CIVIL', 'IV', 'Male', 35),
(11, 'KAVIYA R', '921021103013', 'CIVIL', 'IV', 'Female', 39),
(12, 'LISHANA HASSIN S', '921021103014', 'CIVIL', 'IV', 'Female', 216),
(13, 'MADURAI VEERAN L ', '921021103016', 'CIVIL', 'IV', 'Male', 55),
(14, 'MALAMARI V', '921021103017', 'CIVIL', 'IV', 'Female', 46),
(15, 'PRATHISHSARAN J', '921021103020', 'CIVIL', 'IV', 'Male', 57),
(16, 'SANTHANAKARUPAN A', '921021103022', 'CIVIL', 'IV', 'Male', 80),
(17, 'SIVARANJANI S', '921021103023', 'CIVIL', 'IV', 'Female', 233),
(18, 'SWETHA S', '921021103024', 'CIVIL', 'IV', 'Female', 9),
(19, 'VASANTHA PRABHA E', '921021103025', 'CIVIL', 'IV', 'Female', 35),
(20, 'VELLI NILA S', '921021103026', 'CIVIL', 'IV', 'Female', 224),
(21, 'VIGNESH S', '921021103028', 'CIVIL', 'IV', 'Male', 57),
(22, 'DHARANI PRABAKAR', '921021103701', 'CIVIL', 'IV', 'Female', 216),
(23, 'MOHAMMED HISHAM MUBARAK PMC', '921021103301', 'CIVIL', 'IV', 'Male', 16),
(24, 'SARVESHWARAN V', '921021103302', 'CIVIL', 'IV', 'Male', 80),
(25, 'SUBA SHREE A', '921021103304', 'CIVIL', 'IV', 'Female', 216),
(26, 'ABISHECK B ', '921021104001', 'CSE', 'IV', 'Male', 10),
(27, 'AKASH V', '921021104002', 'CSE', 'IV', 'Male', 5),
(28, 'BHARATHI C', '921021104003', 'CSE', 'IV', 'Female', 17),
(29, 'BHUVANALAKSHMI R', '921021104004', 'CSE', 'IV', 'Female', 6),
(30, 'DEEPIKA E', '921021104005', 'CSE', 'IV', 'Female', 4),
(31, 'DEEPIKA SRI', '921021104006', 'CSE', 'IV', 'Female', 35),
(32, 'DEVI R', '921021104007', 'CSE', 'IV', 'Female', 60),
(33, 'DHARSHINI L', '921021104008', 'CSE', 'IV', 'Female', 39),
(34, 'DINESH R', '921021104009', 'CSE', 'IV', 'Male', 39),
(35, 'EPSHIBA R', '921021104010', 'CSE', 'IV', 'Female', 26),
(36, 'GOPIKA S', '921021104011', 'CSE', 'IV', 'Female', 6),
(37, 'GOWSALYA N', '921021104012', 'CSE', 'IV', 'Female', 55),
(38, 'HARINI M', '921021104013', 'CSE', 'IV', 'Female', 72),
(39, 'JACINTH SHARON S', '921021104014', 'CSE', 'IV', 'Female', 25),
(40, 'JEEVITHAA R', '921021104015', 'CSE', 'IV', 'Female', 9),
(41, 'JENNATH FIRTHOSE M', '921021104016', 'CSE', 'IV', 'Female', NULL),
(42, 'KEERTHANA M', '921021104017', 'CSE', 'IV', 'Female', 60),
(43, 'KEVIN ARUL RAJA A ', '921021104018', 'CSE', 'IV', 'Male', 223),
(44, 'KIRUTHIKA B', '921021104019', 'CSE', 'IV', 'Female', 4),
(45, 'KRISHNA JOTHI S', '921021104020', 'CSE', 'IV', 'Female', 26),
(46, 'LISANTH V', '921021104021', 'CSE', 'IV', 'Male', 10),
(47, 'LOGESH M', '921021104022', 'CSE', 'IV', 'Male', 1),
(48, 'LUCKYMALATHI L', '921021104023', 'CSE', 'IV', 'Female', NULL),
(49, 'MAHASEWTHA M', '921021104024', 'CSE', 'IV', 'Female', 223),
(50, 'MAMITHA T', '921021104025', 'CSE', 'IV', 'Female', 6),
(51, 'MANJUBASHINI J', '921021104026', 'CSE', 'IV', 'Female', 25),
(52, 'MEENAKSHI R', '921021104027', 'CSE', 'IV', 'Female', 4),
(53, 'MUKILAN S', '921021104029', 'CSE', 'IV', 'Male', 25),
(54, 'MUTHUVAISHALI T', '921021104030', 'CSE', 'IV', 'Female', 17),
(55, 'NATHIYA P', '921021104032', 'CSE', 'IV', 'Female', 57),
(56, 'PRASANNA V', '921021104033', 'CSE', 'IV', 'Male', 72),
(57, 'PRISHA M', '921021104034', 'CSE', 'IV', 'Female', 60),
(58, 'PUNITHA S', '921021104035', 'CSE', 'IV', 'Female', 55),
(59, 'RAMKUMAR S', '921021104036', 'CSE', 'IV', 'Female', 10),
(60, 'RAM PRASATH K', '921021104037', 'CSE', 'IV', 'Male', 38),
(61, 'RAVINA P', '921021104038', 'CSE', 'IV', 'Male', 224),
(62, 'RENUGA DEVI N', '921021104039', 'CSE', 'IV', 'Female', 224),
(63, 'RESHMA MASHUTHA R', '921021104040', 'CSE', 'IV', 'Female', 66),
(64, 'RIFAYA BANU N', '921021104041', 'CSE', 'IV', 'Female', 60),
(65, 'ROOBINI G', '921021104042', 'CSE', 'IV', 'Female', 66),
(66, 'RUTHRANAYAKI D', '921021104043', 'CSE', 'IV', 'Female', 35),
(67, 'SANTHOSH E', '921021104044', 'CSE', 'IV', 'Male', 223),
(68, 'SARAN S', '921021104045', 'CSE', 'IV', 'Male', 39),
(69, 'SOBHIYA T', '921021104046', 'CSE', 'IV', 'Female', 66),
(70, 'SOWMIYA M', '921021104047', 'CSE', 'IV', 'Female', 55),
(71, 'SRI HARI PREETHA M', '921021104048', 'CSE', 'IV', 'Female', 26),
(72, 'SURESH BABU K', '921021104049', 'CSE', 'IV', 'Female', 212),
(73, 'SWATHI S J ', '921021104050', 'CSE', 'IV', 'Female', 223),
(74, 'TENSHKUMAR K', '921021104051', 'CSE', 'IV', 'Male', 223),
(75, 'UMA ARASI K', '921021104052', 'CSE', 'IV', 'Female', 9),
(76, 'UVA SRI K', '921021104053', 'CSE', 'IV', 'Female', 1),
(77, 'VIGNESH G', '921021104054', 'CSE', 'IV', 'Male', 5),
(78, 'VINISHA M', '921021104055', 'CSE', 'IV', 'Female', 39),
(79, 'YOGESHWARAN J ', '921021104056', 'CSE', 'IV', 'Male', 1),
(80, 'YUVASHAKTHI M', '921021104057', 'CSE', 'IV', 'Female', 25),
(81, 'YOGESH S', '921021104701', 'CSE', 'IV', 'Male', 212),
(82, 'DHARANI B', '921021104301', 'CSE', 'IV', 'Female', 220),
(83, 'NAZREEN M', '921021104401', 'CSE', 'IV', 'Female', 220),
(84, 'ABIRAMI P ', '921021105001', 'EEE', 'IV', 'Female', 80),
(85, 'BHARATHWAJ S', '921021105002', 'EEE', 'IV', 'Male', 47),
(86, 'CELSIYA M ', '921021105003', 'EEE', 'IV', 'Female', 69),
(87, 'DHANABAKIYAM C', '921021105004', 'EEE', 'IV', 'Female', 16),
(88, 'GOBIKA M', '921021105005', 'EEE', 'IV', 'Female', 36),
(89, 'GOWRI A', '921021105006', 'EEE', 'IV', 'Female', 80),
(90, 'HARIBABU P P', '921021105007', 'EEE', 'IV', 'Male', 54),
(91, 'HEMA M', '921021105008', 'EEE', 'IV', 'Female', 80),
(92, 'KISHORE BABU R', '921021105010', 'EEE', 'IV', 'Male', NULL),
(93, 'LOGA PRIYA C ', '921021105011', 'EEE', 'IV', 'Female', 65),
(94, 'MAHALAKSHMI L', '921021105012', 'EEE', 'IV', 'Female', 16),
(95, 'MUTHU ALAGAN R', '921021105013', 'EEE', 'IV', 'Male', 54),
(96, 'NAGADEEPIKA M', '921021105015', 'EEE', 'IV', 'Female', 36),
(97, 'NAGANANDHINI C', '921021105016', 'EEE', 'IV', 'Female', 65),
(98, 'NAGAPRABU S', '921021105017', 'EEE', 'IV', 'Male', 54),
(99, 'NAGESWARI M', '921021105019', 'EEE', 'IV', 'Female', 69),
(100, 'NATARAJAN K', '921021105020', 'EEE', 'IV', 'Male', 46),
(101, 'NITHYADEVI G', '921021105021', 'EEE', 'IV', 'Female', 69),
(102, 'POOJA SRI A', '921021105022', 'EEE', 'IV', 'Female', 51),
(103, 'PRAVEEN KUMAR M B', '921021105023', 'EEE', 'IV', 'Male', 46),
(104, 'SIVANESWARI A', '921021105026', 'EEE', 'IV', 'Female', 69),
(105, 'SURUTHIKA S', '921021105027', 'EEE', 'IV', 'Female', 46),
(106, 'VELAN S', '921021105029', 'EEE', 'IV', 'Male', 47),
(107, 'VISHNU PRIYA N', '921021105030', 'EEE', 'IV', 'Female', 65),
(108, 'VIVEKA T', '921021105031', 'EEE', 'IV', 'Female', 46),
(109, 'RAVI KUMAR M', '921021105301', 'EEE', 'IV', 'Male', 47),
(110, 'SADHAM RAJA M', '921021105302', 'EEE', 'IV', 'Male', 47),
(111, 'ABARNA LAKSHMI E', '921021106001', 'ECE', 'IV', 'Female', 24),
(112, 'ABINAYA N', '921021106002', 'ECE', 'IV', 'Female', 24),
(113, 'AIYSWARRYA R', '921021106003', 'ECE', 'IV', 'Female', 6),
(114, 'ARUNPANDI C', '921021106004', 'ECE', 'IV', 'Male', 10),
(115, 'ASMITHA S', '921021106005', 'ECE', 'IV', 'Female', 75),
(116, 'DEEPAK KUMAR V', '921021106006', 'ECE', 'IV', 'Male', 224),
(117, 'DEVADHARSHINI V', '921021106007', 'ECE', 'IV', 'Female', 70),
(118, 'DIVYA A', '921021106008', 'ECE', 'IV', 'Female', 70),
(119, 'GOWTHAM M', '921021106009', 'ECE', 'IV', 'Male', 25),
(120, 'JAISURYA V', '921021106010', 'ECE', 'IV', 'Male', 24),
(121, 'JASEEMA A', '921021106011', 'ECE', 'IV', 'Female', 209),
(122, 'JEYAKUMAR M', '921021106012', 'ECE', 'IV', 'Male', 25),
(123, 'KARTHIKEYAN S', '921021106013', 'ECE', 'IV', 'Male', 37),
(124, 'LOGESH GNANAVEL S', '921021106014', 'ECE', 'IV', 'Male', NULL),
(125, 'LOKESH KUMAR P', '921021106015', 'ECE', 'IV', 'Male', 70),
(126, 'PAVITHRA T', '921021106016', 'ECE', 'IV', 'Female', 24),
(127, 'RAMACHANDRAN S', '921021106017', 'ECE', 'IV', 'Male', 48),
(128, 'RAMYA B', '921021106018', 'ECE', 'IV', 'Female', 10),
(129, 'RINDHIYA R', '921021106019', 'ECE', 'IV', 'Female', 224),
(130, 'SABAREESHWARAN S', '921021106020', 'ECE', 'IV', 'Male', 209),
(131, 'SABARI GIRI V', '921021106021', 'ECE', 'IV', 'Male', 24),
(132, 'SAKANA SRI A', '921021106022', 'ECE', 'IV', 'Female', 9),
(133, 'SARANYA R', '921021106024', 'ECE', 'IV', 'Female', 63),
(134, 'SHABARNA K', '921021106025', 'ECE', 'IV', 'Female', 10),
(135, 'SHANJINI S', '921021106026', 'ECE', 'IV', 'Female', 63),
(136, 'SISHANI K', '921021106027', 'ECE', 'IV', 'Female', 55),
(137, 'THARIKA P', '921021106028', 'ECE', 'IV', 'Female', 70),
(138, 'THENMOZHI K', '921021106029', 'ECE', 'IV', 'Female', 209),
(139, 'THIRUPATHI K', '921021106030', 'ECE', 'IV', 'Male', 37),
(140, 'VEERAKALESWARAN P', '921021106031', 'ECE', 'IV', 'Male', 49),
(141, 'VIJAYALAKSHMI G', '921021106032', 'ECE', 'IV', 'Female', 63),
(142, 'AJITH G', '921021114001', 'MECH', 'IV', 'Male', 60),
(143, 'ARUN PANDIYAN V', '921021114002', 'MECH', 'IV', 'Male', 220),
(144, 'DHANUSHWAR G', '921021114003', 'MECH', 'IV', 'Male', 11),
(145, 'DHARMASURYA D', '921021114004', 'MECH', 'IV', 'Male', 51),
(146, 'GOKUL R', '921021114006', 'MECH', 'IV', 'Male', 60),
(147, 'GOWRISHANKAR P', '921021114007', 'MECH', 'IV', 'Male', 34),
(148, 'HARIMUTHUKRISHNAN K', '921021114008', 'MECH', 'IV', 'Male', 2),
(149, 'HARISH P', '921021114009', 'MECH', 'IV', 'Male', 45),
(150, 'HARISH S', '921021114010', 'MECH', 'IV', 'Male', NULL),
(151, 'KARTHICKRAJA K', '921021114011', 'MECH', 'IV', 'Male', 65),
(152, 'KESAVAN V', '921021114012', 'MECH', 'IV', 'Male', 217),
(153, 'KISHORE KUMAR G K', '921021114013', 'MECH', 'IV', 'Male', 73),
(154, 'LAKSHMIPRABHA K', '921021114014', 'MECH', 'IV', 'Female', 16),
(155, 'MANIMARAN V', '921021114015', 'MECH', 'IV', 'Male', 11),
(156, 'MOHAMMED ISKAK A', '921021114016', 'MECH', 'IV', 'Male', 36),
(157, 'MOHANAKANI S', '921021114017', 'MECH', 'IV', 'Female', 234),
(158, 'MOUNA RAHUL R', '921021114018', 'MECH', 'IV', 'Male', 73),
(159, 'MUTHUSELVAM G', '921021114019', 'MECH', 'IV', 'Male', 19),
(160, 'NAREN KARTHICK M K', '921021114020', 'MECH', 'IV', 'Male', NULL),
(161, 'NITHISHKUMAR R', '921021114021', 'MECH', 'IV', 'Male', 216),
(162, 'PANDI SELVI S', '921021114023', 'MECH', 'IV', 'Female', 65),
(163, 'PALANIMURUGAN C', '921021114024', 'MECH', 'IV', 'Male', 216),
(164, 'PERUMAL SWAMY M', '921021114025', 'MECH', 'IV', 'Male', 20),
(165, 'PRABHU P', '921021114026', 'MECH', 'IV', 'Male', 223),
(166, 'RAMZAN BEGAM J', '921021114027', 'MECH', 'IV', 'Female', 51),
(167, 'RANJITH S', '921021114028', 'MECH', 'IV', 'Male', 233),
(168, 'SANJAI A', '921021114029', 'MECH', 'IV', 'Male', NULL),
(169, 'SANJAYKUMAR C', '921021114030', 'MECH', 'IV', 'Male', 220),
(170, 'SANMUGAM V', '921021114031', 'MECH', 'IV', 'Male', 56),
(171, 'SARAVANA KUMAR S', '921021114032', 'MECH', 'IV', 'Male', 20),
(172, 'SASIKUMAR R', '921021114033', 'MECH', 'IV', 'Male', 217),
(173, 'SETHUPATHI S', '921021114034', 'MECH', 'IV', 'Male', 69),
(174, 'SIVA PRAKASH S', '921021114035', 'MECH', 'IV', 'Male', 233),
(175, 'SRIRAM M', '921021114036', 'MECH', 'IV', 'Male', 51),
(176, 'SUNDAR M ', '921021114037', 'MECH', 'IV', 'Male', 220),
(177, 'SURENDRAN V', '921021114039', 'MECH', 'IV', 'Male', 69),
(178, 'SURYANARAYANAN V', '921021114041', 'MECH', 'IV', 'Male', 34),
(179, 'VAIRAVAN S', '921021114042', 'MECH', 'IV', 'Male', 6),
(180, 'VASANTHA KUMAR K', '921021114043', 'MECH', 'IV', 'Male', 73),
(181, 'VASUKI R', '921021114044', 'MECH', 'IV', 'Female', 217),
(182, 'VIGNESH M ', '921021114045', 'MECH', 'IV', 'Male', NULL),
(183, 'VIGNESWARAN R', '921021114046', 'MECH', 'IV', 'Male', NULL),
(184, 'VIJAY J', '921021114047', 'MECH', 'IV', 'Male', 51),
(185, 'YUVARAJ K', '921021114050', 'MECH', 'IV', 'Male', NULL),
(186, 'MATHAVAN M', '921021114301', 'MECH', 'IV', 'Male', NULL),
(187, 'RAMACHANDRAN R', '921021114302', 'MECH', 'IV', 'Male', 234),
(188, 'SOUNDARAPANDI B', '921021114303', 'MECH', 'IV', 'Male', 45),
(189, 'AJANTHA A', '921022103001', 'CIVIL', 'III', 'Female', NULL),
(190, 'DEVAGI K', '921022103002', 'CIVIL', 'III', 'Female', 221),
(191, 'DHINESHWARI P', '921022103003', 'CIVIL', 'III', 'Female', NULL),
(192, 'HARI PRASATH M', '921022103005', 'CIVIL', 'III', 'Male', 74),
(193, 'JEGAN P', '921022103006', 'CIVIL', 'III', 'Male', 31),
(194, 'JESHILA R', '921022103007', 'CIVIL', 'III', 'Female', 31),
(195, 'JINIRA FATHIMA S', '921022103008', 'CIVIL', 'III', 'Female', NULL),
(196, 'KAVIYA M', '921022103009', 'CIVIL', 'III', 'Female', 235),
(197, 'KAVIYA M', '921022103010', 'CIVIL', 'III', 'Female', NULL),
(198, 'PANDISELVAM T', '921022103013', 'CIVIL', 'III', 'Male', 13),
(199, 'PARTHASARATHI S', '921022103014', 'CIVIL', 'III', 'Male', 221),
(200, 'PERIYA MAYEE S', '921022103015', 'CIVIL', 'III', 'Male', 31),
(201, 'PREETHIKA M', '921022103016', 'CIVIL', 'III', 'Female', 221),
(202, 'PRIYADHARSHINI K', '921022103017', 'CIVIL', 'III', 'Female', 71),
(203, 'SIDHARTH K', '921022103019', 'CIVIL', 'III', 'Male', 207),
(204, 'SIVANESAN M', '921022103020', 'CIVIL', 'III', 'Male', 13),
(205, 'SOLAIRAJA K', '921022103021', 'CIVIL', 'III', 'Male', 33),
(206, 'SUDARNILAVAN N', '921022103022', 'CIVIL', 'III', 'Male', 221),
(207, 'VARSHINI M', '921022103023', 'CIVIL', 'III', 'Female', 71),
(208, 'VIGNESH KUMAR M', '921022103024', 'CIVIL', 'III', 'Male', 207),
(209, 'YUVASHRI M', '921022103025', 'CIVIL', 'III', 'Female', 235),
(210, 'ABUBAKKARSITTIK S', '921022103301', 'CIVIL', 'III', 'Male', NULL),
(211, 'AARTHI S', '921022104001', 'CSE', 'III', 'Female', 43),
(212, 'ABARNA A', '921022104002', 'CSE', 'III', 'Female', 20),
(213, 'AKILAN A', '921022104003', 'CSE', 'III', 'Male', 7),
(214, 'AKSHAYA N S', '921022104004', 'CSE', 'III', 'Female', 15),
(215, 'ANANDHITHA GAYATHIRI A', '921022104005', 'CSE', 'III', 'Female', 15),
(216, 'ANKAYARKANNI M', '921022104006', 'CSE', 'III', 'Female', 64),
(217, 'ARCHANA A ', '921022104007', 'CSE', 'III', 'Female', 29),
(218, 'BHARATH SURYA M', '921022104008', 'CSE', 'III', 'Male', 9),
(219, 'CHANDISH S', '921022104009', 'CSE', 'III', 'Male', 222),
(220, 'DHANUSH D', '921022104010', 'CSE', 'III', 'Male', 4),
(221, 'FARHANA BANU K', '921022104011', 'CSE', 'III', 'Female', 58),
(222, 'FEMILA M', '921022104012', 'CSE', 'III', 'Female', 2),
(223, 'GOKULNATH B', '921022104013', 'CSE', 'III', 'Male', 222),
(224, 'GOWRI M', '921022104014', 'CSE', 'III', 'Female', 31),
(225, 'HARINI G', '921022104015', 'CSE', 'III', 'Female', 7),
(226, 'HARINI J', '921022104016', 'CSE', 'III', 'Female', 72),
(227, 'JEYASRI C', '921022104017', 'CSE', 'III', 'Female', 13),
(228, 'KALA DEVI S', '921022104018', 'CSE', 'III', 'Female', 57),
(229, 'KALAI SELVI M', '921022104019', 'CSE', 'III', 'Female', 57),
(230, 'KARUNYA JOTHIKA S', '921022104020', 'CSE', 'III', 'Female', 58),
(231, 'KAVIYASHREE B', '921022104021', 'CSE', 'III', 'Female', 58),
(232, 'KIRUTHIKA G (07.09.2004)', '921022104022', 'CSE', 'III', 'Female', 13),
(233, 'KIRUTHIKA M (18.11.2004)', '921022104023', 'CSE', 'III', 'Female', 73),
(234, 'KUZHALI E', '921022104024', 'CSE', 'III', 'Female', 36),
(235, 'LALITHAMBIHAI R G', '921022104025', 'CSE', 'III', 'Female', 2),
(236, 'MADHUBALA S', '921022104026', 'CSE', 'III', 'Female', 31),
(237, 'MAHMOOD SHAFI K', '921022104027', 'CSE', 'III', 'Male', 222),
(238, 'MATHAN M', '921022104028', 'CSE', 'III', 'Male', 33),
(239, 'MIRUTHYUNJAY J A', '921022104029', 'CSE', 'III', 'Male', 36),
(240, 'MONISHA C', '921022104030', 'CSE', 'III', 'Female', 31),
(241, 'NANTHIDHA S', '921022104031', 'CSE', 'III', 'Female', 22),
(242, 'NITHISH V', '921022104032', 'CSE', 'III', 'Male', 44),
(243, 'PALASAI JOSHIKA ', '921022104033', 'CSE', 'III', 'Female', 49),
(244, 'POOJA T', '921022104034', 'CSE', 'III', 'Female', 29),
(245, 'PRIYANKA M', '921022104035', 'CSE', 'III', 'Female', 5),
(246, 'PUNITHA B', '921022104036', 'CSE', 'III', 'Female', 5),
(247, 'RAMSANJEEV R', '921022104037', 'CSE', 'III', 'Male', 44),
(248, 'RAVINTHAR A', '921022104038', 'CSE', 'III', 'Male', 7),
(249, 'RESHMA SHREE L V', '921022104039', 'CSE', 'III', 'Female', 49),
(250, 'RITHISH V', '921022104040', 'CSE', 'III', 'Male', 224),
(251, 'SACHITHANANDAN S', '921022104041', 'CSE', 'III', 'Male', 64),
(252, 'SHIVANIHA J', '921022104042', 'CSE', 'III', 'Female', 13),
(253, 'SIMRITHA SRI V', '921022104043', 'CSE', 'III', 'Female', 29),
(254, 'SIVA PANDI V', '921022104044', 'CSE', 'III', 'Male', 22),
(255, 'SONIYA N', '921022104045', 'CSE', 'III', 'Female', 22),
(256, 'SRI NATHI S', '921022104046', 'CSE', 'III', 'Female', 43),
(257, 'SRISAKTHI S', '921022104047', 'CSE', 'III', 'Female', 74),
(258, 'SUBIKSHA M', '921022104048', 'CSE', 'III', 'Female', 64),
(259, 'SUBIKSHAA S', '921022104049', 'CSE', 'III', 'Female', 64),
(260, 'SUJITHRA V', '921022104050', 'CSE', 'III', 'Female', 72),
(261, 'SURUTHI PRATHAP S', '921022104051', 'CSE', 'III', 'Female', 57),
(262, 'SUSMITHA S', '921022104052', 'CSE', 'III', 'Female', 13),
(263, 'SWATHI K', '921022104053', 'CSE', 'III', 'Female', 7),
(264, 'THAVASAKTHI G', '921022104054', 'CSE', 'III', 'Female', 74),
(265, 'VARSHINI K', '921022104055', 'CSE', 'III', 'Female', 44),
(266, 'VIJAY AKASH M', '921022104056', 'CSE', 'III', 'Male', 49),
(267, 'VIJITHRA V', '921022104057', 'CSE', 'III', 'Female', 74),
(268, 'VINYAA SREE P G', '921022104058', 'CSE', 'III', 'Female', 29),
(269, 'YOGESHWARAN M', '921022104059', 'CSE', 'III', 'Male', 22),
(270, 'YUGESH KUMAR A', '921022104060', 'CSE', 'III', 'Male', 9),
(271, 'MOHAMED JAMEES K', '2024TCS067', 'CSE', 'III', 'Male', 36),
(272, 'SAKTHI PANDEESWARI S', '2024TCS068', 'CSE', 'III', 'Female', 79),
(273, 'UMA MAHESWARI B', '2024TCS', 'CSE', 'III', 'Female', 79),
(274, 'ARAVIND S', '921022105001', 'EEE', 'III', 'Male', 64),
(275, 'ARAVIND T', '921022105002', 'EEE', 'III', 'Male', 21),
(276, 'AZHAGURENGAN N', '921022105003', 'EEE', 'III', 'Male', 213),
(277, 'KAVIYAPRIYA A', '921022105004', 'EEE', 'III', 'Female', 28),
(278, 'KEERTHI R K', '921022105005', 'EEE', 'III', 'Female', 21),
(279, 'KIRUTHIK RAM R', '921022105006', 'EEE', 'III', 'Male', 21),
(280, 'LAVANYA R G', '921022105007', 'EEE', 'III', 'Female', 20),
(281, 'MADHUBALA P', '921022105008', 'EEE', 'III', 'Female', 20),
(282, 'MADHUSRI P', '921022105009', 'EEE', 'III', 'Female', 219),
(283, 'MANIKANDAN M', '921022105010', 'EEE', 'III', 'Male', 65),
(284, 'MAREESHWARI P', '921022105011', 'EEE', 'III', 'Female', 23),
(285, 'MEENALOCHANAN S', '921022105012', 'EEE', 'III', 'Male', 21),
(286, 'MONIKA R', '921022105013', 'EEE', 'III', 'Female', 219),
(287, 'NARMADHA M', '921022105014', 'EEE', 'III', 'Female', 28),
(288, 'NITHIYANANTHAM N', '921022105015', 'EEE', 'III', 'Male', 63),
(289, 'RAJESH R', '921022105016', 'EEE', 'III', 'Male', 63),
(290, 'RESHMA S', '921022105017', 'EEE', 'III', 'Female', 20),
(291, 'SAAI KEERTHI S', '921022105018', 'EEE', 'III', 'Female', 41),
(292, 'SANDHIYA C', '921022105019', 'EEE', 'III', 'Female', 219),
(293, 'SANJAY C', '921022105020', 'EEE', 'III', 'Male', 41),
(294, 'SHANMUGA SUNDAR P', '921022105021', 'EEE', 'III', 'Male', 63),
(295, 'SRIHARISHKUMAR C', '921022105022', 'EEE', 'III', 'Male', 29),
(296, 'SUBERIYA FATHIMA R', '921022105023', 'EEE', 'III', 'Female', 41),
(297, 'SWATHI N', '921022105024', 'EEE', 'III', 'Female', 23),
(298, 'TAMILSELVI M', '921022105025', 'EEE', 'III', 'Female', 214),
(299, 'THANIYAL M', '921022105026', 'EEE', 'III', 'Male', 28),
(300, 'THIYAGARAJAN B', '921022105027', 'EEE', 'III', 'Male', 28),
(301, 'VIJAYENDRAN R', '921022105029', 'EEE', 'III', 'Male', 23),
(302, 'YAZHINI M', '921022105030', 'EEE', 'III', 'Female', 213),
(303, 'YOGESH PANDI S', '921022105031', 'EEE', 'III', 'Male', 41),
(304, 'MUJEEPRAHUMAN K', '921022105303', 'EEE', 'III', 'Male', 23),
(305, 'ABINAYA T', '921022106001', 'ECE', 'III', 'Female', 67),
(306, 'ABIRAMI P', '921022106002', 'ECE', 'III', 'Female', 1),
(307, 'ABIRAMI R', '921022106003', 'ECE', 'III', 'Female', 71),
(308, 'AISHVARRYA A', '921022106004', 'ECE', 'III', 'Female', 5),
(309, 'AMRISHAA S', '921022106005', 'ECE', 'III', 'Female', 212),
(310, 'AMUTHA S', '921022106006', 'ECE', 'III', 'Female', 3),
(311, 'ARUNESH PANDI S', '921022106007', 'ECE', 'III', 'Male', 61),
(312, 'ATCHAYA A', '921022106008', 'ECE', 'III', 'Female', 5),
(313, 'BHUVANESH K', '921022106009', 'ECE', 'III', 'Male', 6),
(314, 'CALEBRAJA D', '921022106010', 'ECE', 'III', 'Male', 49),
(315, 'CHRISTINA D', '921022106011', 'ECE', 'III', 'Female', 40),
(316, 'DEEPALAKHSMI R', '921022106012', 'ECE', 'III', 'Female', 17),
(317, 'DHARSHAN V', '921022106013', 'ECE', 'III', 'Male', 42),
(318, 'GAJANANI S', '921022106014', 'ECE', 'III', 'Female', 212),
(319, 'GAYATHRI G', '921022106015', 'ECE', 'III', 'Female', 23),
(320, 'HARINI M (20.03.2005)', '921022106016', 'ECE', 'III', 'Female', 212),
(321, 'HARINI M (02.10.2005)', '921022106017', 'ECE', 'III', 'Female', 79),
(322, 'HARISHMA S', '921022106018', 'ECE', 'III', 'Female', 52),
(323, 'HEMITHA S', '921022106019', 'ECE', 'III', 'Female', 61),
(324, 'JANANI K (24-06-2005)', '921022106020', 'ECE', 'III', 'Female', 67),
(325, 'JANANI S (10-01-2005)', '921022106021', 'ECE', 'III', 'Female', 17),
(326, 'JEEVITHA U', '921022106022', 'ECE', 'III', 'Female', 221),
(327, 'JEYARAM S', '921022106023', 'ECE', 'III', 'Male', 29),
(328, 'JEYASAKTHI G', '921022106024', 'ECE', 'III', 'Female', 79),
(329, 'JEYASREE VEE', '921022106025', 'ECE', 'III', 'Female', 213),
(330, 'JEYASRI V', '921022106026', 'ECE', 'III', 'Female', 75),
(331, 'KARTHIKA V', '921022106027', 'ECE', 'III', 'Female', 23),
(332, 'KARTHIK KAMATCHI K', '921022106028', 'ECE', 'III', 'Male', 66),
(333, 'KAVIYASREE P', '921022106029', 'ECE', 'III', 'Female', 214),
(334, 'KEERTHANA BAGAVATHI P', '921022106030', 'ECE', 'III', 'Female', 1),
(335, 'LAKSHMI PRIYA M', '921022106031', 'ECE', 'III', 'Female', 2),
(336, 'MADHESH S', '921022106032', 'ECE', 'III', 'Male', 26),
(337, 'MANISH N', '921022106033', 'ECE', 'III', 'Male', 26),
(338, 'MIRUDHULA V', '921022106034', 'ECE', 'III', 'Female', 1),
(339, 'MOHAMED SALMAN A', '921022106035', 'ECE', 'III', 'Male', 79),
(340, 'MUSHARRAF RAJA S', '921022106036', 'ECE', 'III', 'Male', 218),
(341, 'NAVEEN PRASATH S', '921022106037', 'ECE', 'III', 'Male', 213),
(342, 'NIVETHA M', '921022106038', 'ECE', 'III', 'Female', 42),
(343, 'POORANI K', '921022106039', 'ECE', 'III', 'Female', 75),
(344, 'PRAVEENA N', '921022106040', 'ECE', 'III', 'Female', 212),
(345, 'PRITHIKA P', '921022106041', 'ECE', 'III', 'Female', 4),
(346, 'PRIYA K', '921022106042', 'ECE', 'III', 'Female', 80),
(347, 'PRIYADHARSHINI S', '921022106043', 'ECE', 'III', 'Female', 32),
(348, 'RITHIKA V', '921022106044', 'ECE', 'III', 'Female', 42),
(349, 'SAMYKUMAR S', '921022106045', 'ECE', 'III', 'Male', 26),
(350, 'SANTHIYA J', '921022106046', 'ECE', 'III', 'Female', 3),
(351, 'SATHIYA P', '921022106047', 'ECE', 'III', 'Female', 75),
(352, 'SHALINI R', '921022106048', 'ECE', 'III', 'Female', 221),
(353, 'SHANTHANA K', '921022106049', 'ECE', 'III', 'Female', 3),
(354, 'SHRI HARINI A', '921022106050', 'ECE', 'III', 'Female', NULL),
(355, 'SIVANI M', '921022106051', 'ECE', 'III', 'Female', 48),
(356, 'SRIMATHI G', '921022106052', 'ECE', 'III', 'Female', 3),
(357, 'SUHAIL AKTHAR M', '921022106053', 'ECE', 'III', 'Male', 66),
(358, 'SUKIN J', '921022106054', 'ECE', 'III', 'Male', 67),
(359, 'SURYA M', '921022106055', 'ECE', 'III', 'Male', 44),
(360, 'VAISHNAVI S', '921022106056', 'ECE', 'III', 'Female', 48),
(361, 'YALINISUGAVATHI S', '921022106057', 'ECE', 'III', 'Female', 213),
(362, 'YOGESH K', '921022106058', 'ECE', 'III', 'Male', 32),
(363, 'YUVADHARSHINI S', '921022106059', 'ECE', 'III', 'Female', 32),
(364, 'AZHAHAR M', '921022114003', 'MECH', 'III', 'Male', 75),
(365, 'BHARATHKUMARAN N', '921022114004', 'MECH', 'III', 'Male', 53),
(366, 'DINESH A', '921022114005', 'MECH', 'III', 'Male', NULL),
(367, 'DINESH BABU R', '921022114006', 'MECH', 'III', 'Male', NULL),
(368, 'GOKUL R', '921022114007', 'MECH', 'III', 'Male', NULL),
(369, 'GOUTHAM P', '921022114008', 'MECH', 'III', 'Male', 52),
(370, 'GURUPRASATH K', '921022114009', 'MECH', 'III', 'Male', NULL),
(371, 'JANARTHANAN A', '921022114011', 'MECH', 'III', 'Male', NULL),
(372, 'KARTHICKRAJA B', '921022114012', 'MECH', 'III', 'Male', NULL),
(373, 'KESAVAN S', '921022114013', 'MECH', 'III', 'Male', NULL),
(374, 'LOGESHWARAN O', '921022114014', 'MECH', 'III', 'Male', NULL),
(375, 'MANIKKAM  V', '921022114015', 'MECH', 'III', 'Male', 74),
(376, 'MOHAMMED NAWFAL S', '921022114017', 'MECH', 'III', 'Male', 8),
(377, 'MUTHUBALAJI C', '921022114018', 'MECH', 'III', 'Male', NULL),
(378, 'PRABHU M', '921022114020', 'MECH', 'III', 'Male', NULL),
(379, 'RITHEESKUMAR S', '921022114021', 'MECH', 'III', 'Male', 52),
(380, 'SRINITHISH A S', '921022114022', 'MECH', 'III', 'Male', 71),
(381, 'SURESH K', '921022114023', 'MECH', 'III', 'Male', 71),
(382, 'VIGNESH M', '921022114024', 'MECH', 'III', 'Male', 210),
(383, 'VISAGAN R', '921022114025', 'MECH', 'III', 'Male', 71),
(384, 'KING SAMUEL A', '921022114301', 'MECH', 'III', 'Male', 58),
(385, 'AASWIN J S', '921022205001', 'IT', 'III', 'Male', 66),
(386, 'ABI GAYATHRI P', '921022205002', 'IT', 'III', 'Female', 27),
(387, 'ABINAYA P', '921022205003', 'IT', 'III', 'Female', 47),
(388, 'GOWSIK P', '921022205005', 'IT', 'III', 'Male', 43),
(389, 'MOHAMED IRFAN SHEIK K', '921022205006', 'IT', 'III', 'Male', 43),
(390, 'NAAFIYA SHIRIN A', '921022205007', 'IT', 'III', 'Female', 218),
(391, 'NAGAJOTHI M', '921022205008', 'IT', 'III', 'Female', 207),
(392, 'NANDHINI S', '921022205009', 'IT', 'III', 'Female', 207),
(393, 'NATHIYA P', '921022205010', 'IT', 'III', 'Female', 209),
(394, 'NAVEEN BHARATHI B', '921022205011', 'IT', 'III', 'Male', 48),
(395, 'NIHILAA K', '921022205012', 'IT', 'III', 'Female', 47),
(396, 'PARAMESHWAR N S', '921022205013', 'IT', 'III', 'Male', 17),
(397, 'PRAVIN K', '921022205014', 'IT', 'III', 'Male', NULL),
(398, 'PREETHI V', '921022205015', 'IT', 'III', 'Female', 207),
(399, 'RAMYA PRIYA J', '921022205016', 'IT', 'III', 'Female', 32),
(400, 'RANA SUSMITHA R', '921022205017', 'IT', 'III', 'Female', 218),
(401, 'SARVAJI M', '921022205018', 'IT', 'III', 'Male', 35),
(402, 'SATHYA SEELAN M', '921022205019', 'IT', 'III', 'Male', 4),
(403, 'SIVASRI V', '921022205020', 'IT', 'III', 'Female', 207),
(404, 'SRIHARI PRASATH  A', '921022205021', 'IT', 'III', 'Male', 27),
(405, 'SURYAPRAKASH A', '921022205022', 'IT', 'III', 'Male', 218),
(406, 'SWATHI P', '921022205023', 'IT', 'III', 'Female', 218),
(407, 'VIGNESWAR S', '921022205024', 'IT', 'III', 'Male', 44),
(408, 'YAMINI S', '921022205025', 'IT', 'III', 'Female', 218),
(409, 'YOHITHKUMAR R', '921022205026', 'IT', 'III', 'Male', 32),
(410, 'AJAY M', '921022243001', 'AI&DS', 'III', 'Male', 16),
(411, 'AJAY S', '921022243002', 'AI&DS', 'III', 'Male', NULL),
(412, 'AKSHAYA K', '921022243003', 'AI&DS', 'III', 'Female', 52),
(413, 'BALA MAHALAKSHMI S', '921022243004', 'AI&DS', 'III', 'Female', 40),
(414, 'DHEIVASHRI M', '921022243005', 'AI&DS', 'III', 'Female', 61),
(415, 'ISHANI P', '921022243008', 'AI&DS', 'III', 'Female', 32),
(416, 'JAYA GOKUL M', '921022243009', 'AI&DS', 'III', 'Male', 17),
(417, 'KARAN S', '921022243010', 'AI&DS', 'III', 'Male', 33),
(418, 'KEERTHANA T', '921022243011', 'AI&DS', 'III', 'Female', 48),
(419, 'NAVEEN KUMAR S', '921022243012', 'AI&DS', 'III', 'Male', NULL),
(420, 'NITHEESH PATRICK P', '921022243013', 'AI&DS', 'III', 'Male', 81),
(421, 'PARI VIGNESH D S', '921022243014', 'AI&DS', 'III', 'Male', 75),
(422, 'PRANAV S ', '921022243015', 'AI&DS', 'III', 'Male', 27),
(423, 'RAJAVARSHINI C', '921022243016', 'AI&DS', 'III', 'Female', 21),
(424, 'SANDHOSH G', '921022243017', 'AI&DS', 'III', 'Male', 48),
(425, 'SHAFANA IRFATH N', '921022243018', 'AI&DS', 'III', 'Female', 33),
(426, 'SHAFEEK MURATH S', '921022243019', 'AI&DS', 'III', 'Male', 209),
(427, 'SHOBIKA SHREE N', '921022243020', 'AI&DS', 'III', 'Female', 52),
(428, 'SHRI HARINI S', '921022243021', 'AI&DS', 'III', 'Female', 61),
(429, 'SRIDEVI B', '921022243022', 'AI&DS', 'III', 'Female', 52),
(430, 'VISHWAROOBINI N', '921022243023', 'AI&DS', 'III', 'Female', 33),
(431, 'AJAY S', '921023103001', 'CIVIL', 'II', 'Male', 18),
(432, 'BALA S', '921023103002', 'CIVIL', 'II', 'Male', 76),
(433, 'GANESAN C', '921023103003', 'CIVIL', 'II', 'Male', 14),
(434, 'GURU LAKSHMI R', '921023103004', 'CIVIL', 'II', 'Female', 208),
(435, 'HARI KRISHNAN R', '921023103005', 'CIVIL', 'II', 'Male', 14),
(436, 'HEMAPRIYA K', '921023103006', 'CIVIL', 'II', 'Female', 208),
(437, 'IYYANATHAN M', '921023103007', 'CIVIL', 'II', 'Male', 235),
(438, 'JEGANATH M', '921023103008', 'CIVIL', 'II', 'Male', 79),
(439, 'KABILAN E T', '921023103009', 'CIVIL', 'II', 'Male', 76),
(440, 'MADHUGAYATHRI J', '921023103010', 'CIVIL', 'II', 'Female', 8),
(441, 'MALATHI S', '921023103011', 'CIVIL', 'II', 'Female', 215),
(442, 'NITHYA SHREE S', '921023103012', 'CIVIL', 'II', 'Female', 215),
(443, 'PRABHA S', '921023103013', 'CIVIL', 'II', 'Female', 45),
(444, 'PRATHIVARUN P R', '921023103014', 'CIVIL', 'II', 'Male', 215),
(445, 'SHAJITHA PARVEEN R', '921023103016', 'CIVIL', 'II', 'Female', 18),
(446, 'SUBITCHANA SRI S', '921023103017', 'CIVIL', 'II', 'Female', 208),
(447, 'THANUJA S', '921023103018', 'CIVIL', 'II', 'Female', 18),
(448, 'YUVETHA SREE G', '921023103019', 'CIVIL', 'II', 'Female', 76),
(449, 'GEERI R', '2024LCE021', 'CIVIL', 'II', 'Male', 215),
(450, 'PICHAIMUTHU S', '2024LCE022', 'CIVIL', 'II', 'Male', 215),
(451, 'ABI R', '921023104001', 'CSE', 'II', 'Female', 41),
(452, 'AHAMED ATHIL KHAN M V', '921023104002', 'CSE', 'II', 'Male', 19),
(453, 'AKSHAYA G', '921023104003', 'CSE', 'II', 'Female', 45),
(454, 'AKSHAYA R', '921023104004', 'CSE', 'II', 'Female', 53),
(455, 'AKSHAYA SHRI K', '921023104005', 'CSE', 'II', 'Female', 211),
(456, 'BALADINESH K', '921023104006', 'CSE', 'II', 'Male', 18),
(457, 'BRINDHA A', '921023104007', 'CSE', 'II', 'Female', 217),
(458, 'DEEBA DHARSHINIE G K', '921023104008', 'CSE', 'II', 'Female', 64),
(459, 'DHANUJA P', '921023104009', 'CSE', 'II', 'Female', 76),
(460, 'HARINI M', '921023104010', 'CSE', 'II', 'Female', 38),
(461, 'HARINI V', '921023104011', 'CSE', 'II', 'Female', 45),
(462, 'HARISHPRAJEETH A S', '921023104012', 'CSE', 'II', 'Male', 53),
(463, 'HEMALATHA M', '921023104013', 'CSE', 'II', 'Female', 72),
(464, 'INDHUMATHI S', '921023104014', 'CSE', 'II', 'Female', 37),
(465, 'JAI RAGUL D', '921023104015', 'CSE', 'II', 'Male', 211),
(466, 'KANAGA DURGA M', '921023104017', 'CSE', 'II', 'Female', 211),
(467, 'KAVIN PRASHAD A', '921023104018', 'CSE', 'II', 'Male', 37),
(468, 'MADHUMITHA D', '921023104019', 'CSE', 'II', 'Female', 67),
(469, 'MENIL SRI M', '921023104020', 'CSE', 'II', 'Female', 53),
(470, 'MONAA SHREE S', '921023104021', 'CSE', 'II', 'Female', 45),
(471, 'MUHESH KANNA M', '921023104022', 'CSE', 'II', 'Male', 28),
(472, 'MUZZAMEEL AHAMED S', '921023104023', 'CSE', 'II', 'Male', 208),
(473, 'PANDEESWARAN C', '921023104024', 'CSE', 'II', 'Male', 19),
(474, 'PHIRAMOTH G K', '921023104025', 'CSE', 'II', 'Male', NULL),
(475, 'PRAVEEN K C', '921023104026', 'CSE', 'II', 'Male', 18),
(476, 'PREETHI S', '921023104027', 'CSE', 'II', 'Female', 42),
(477, 'PRIJEETHA C', '921023104028', 'CSE', 'II', 'Female', 76),
(478, 'PRIYADHARSHINI M', '921023104029', 'CSE', 'II', 'Female', 209),
(479, 'RABIKA BANU A', '921023104030', 'CSE', 'II', 'Female', 37),
(480, 'RAGUL S', '921023104031', 'CSE', 'II', 'Male', 62),
(481, 'REEMA FATHIMA R', '921023104032', 'CSE', 'II', 'Female', 37),
(482, 'RUPIKA M', '921023104033', 'CSE', 'II', 'Female', 74),
(483, 'RUTHRADEVI R', '921023104034', 'CSE', 'II', 'Female', 67),
(484, 'SAKTHI SUNDAR P', '921023104035', 'CSE', 'II', 'Male', 53),
(485, 'SANTHOSHINI K', '921023104036', 'CSE', 'II', 'Female', 219),
(486, 'SARAN R', '921023104037', 'CSE', 'II', 'Male', 217),
(487, 'SHALINI V', '921023104038', 'CSE', 'II', 'Female', 44),
(488, 'SHOBIYA M', '921023104039', 'CSE', 'II', 'Female', 54),
(489, 'SRIKARAN G', '921023104040', 'CSE', 'II', 'Male', 211),
(490, 'SRI KESAVAN S', '921023104041', 'CSE', 'II', 'Male', 28),
(491, 'SUSITHRA J B', '921023104042', 'CSE', 'II', 'Female', 38),
(492, 'SUTHEESHNA R', '921023104043', 'CSE', 'II', 'Female', 19),
(493, 'THARANEESH G R', '921023104044', 'CSE', 'II', 'Female', 42),
(494, 'VARSHINI N S', '921023104045', 'CSE', 'II', 'Female', 19),
(495, 'VASUTHA T', '921023104046', 'CSE', 'II', 'Female', 27),
(496, 'YUVA PRIYA V', '921023104047', 'CSE', 'II', 'Female', 21),
(497, 'YUVA SHREE M', '921023104048', 'CSE', 'II', 'Female', 217),
(498, 'RISHI B', '2024LCS051', 'CSE', 'II', 'Male', 208),
(499, 'AKASH S', '921023105001', 'EEE', 'II', 'Male', 11),
(500, 'BOOMIGA M', '921023105003', 'EEE', 'II', 'Female', 15),
(501, 'BRINDHA K', '921023105004', 'EEE', 'II', 'Female', 11),
(502, 'DARUNKUMAR K', '921023105006', 'EEE', 'II', 'Male', 234),
(503, 'DEEPIKALAKSHAYA M', '921023105007', 'EEE', 'II', 'Female', 234),
(504, 'DHARUNRAJ K', '921023105008', 'EEE', 'II', 'Male', 219),
(505, 'DHARUNYASHREE S', '921023105009', 'EEE', 'II', 'Female', 27),
(506, 'GANESHKUMAR K', '921023105010', 'EEE', 'II', 'Male', 56),
(507, 'GAYATHRI S', '921023105011', 'EEE', 'II', 'Female', 15),
(508, 'GURUPRASATH M', '921023105012', 'EEE', 'II', 'Male', 235),
(509, 'HARINA S', '921023105013', 'EEE', 'II', 'Female', 8),
(510, 'ISWARYA S', '921023105014', 'EEE', 'II', 'Female', 11),
(511, 'JAYASRI P N', '921023105015', 'EEE', 'II', 'Female', 8),
(512, 'KARTHICKRAJAN T', '921023105016', 'EEE', 'II', 'Male', 215),
(513, 'KATHIRVELSAMY S', '921023105017', 'EEE', 'II', 'Male', 15),
(514, 'KAVIN ASWATH S', '921023105018', 'EEE', 'II', 'Male', 38),
(515, 'KRISHNAVENI P', '921023105019', 'EEE', 'II', 'Female', 51),
(516, 'MARIMUTHU R', '921023105020', 'EEE', 'II', 'Male', 235),
(517, 'MOHAMED NOWFIL A', '921023105021', 'EEE', 'II', 'Male', 30),
(518, 'PRAKASH K', '921023105022', 'EEE', 'II', 'Male', NULL),
(519, 'PRIYADHARSHINI S', '921023105023', 'EEE', 'II', 'Female', 11),
(520, 'RAGAVI A', '921023105024', 'EEE', 'II', 'Female', NULL),
(521, 'RAJESHWARAN G', '921023105025', 'EEE', 'II', 'Male', 8),
(522, 'RAMUSUBBULAKSHMI V', '921023105026', 'EEE', 'II', 'Female', NULL),
(523, 'RIHANA AFRIN A', '921023105027', 'EEE', 'II', 'Female', 8),
(524, 'SANTHOSH J', '921023105028', 'EEE', 'II', 'Male', 234),
(525, 'SIVASURYAPRAKASH M', '921023105029', 'EEE', 'II', 'Male', 61),
(526, 'SUBARAJASREE M', '921023105030', 'EEE', 'II', 'Female', 53),
(527, 'SUBASHINI K', '921023105031', 'EEE', 'II', 'Female', 234),
(528, 'SUJITHA R', '921023105032', 'EEE', 'II', 'Female', 76),
(529, 'VAISHNAVI K', '921023105033', 'EEE', 'II', 'Female', 16),
(530, 'VIDHYA SAGAR P', '921023105034', 'EEE', 'II', 'Male', 211),
(531, 'VINOTH G', '921023105035', 'EEE', 'II', 'Male', 15),
(532, 'YUVARAJ M', '921023105036', 'EEE', 'II', 'Male', 78),
(533, 'YUVARAJ P', '921023105037', 'EEE', 'II', 'Male', 30),
(534, 'AATHEESWARAN M', '921023106001', 'ECE', 'II', 'Male', 62),
(535, 'ADITHYAN V', '921023106002', 'ECE', 'II', 'Male', 78),
(536, 'ANANTHA RAM A', '921023106003', 'ECE', 'II', 'Male', 62),
(537, 'ANTON MATTEW A', '921023106004', 'ECE', 'II', 'Male', 77),
(538, 'ANUSHASRI D', '921023106005', 'ECE', 'II', 'Female', 7),
(539, 'ASHVANI S', '921023106006', 'ECE', 'II', 'Female', 12),
(540, 'ATCHAYAKAMALI V', '921023106007', 'ECE', 'II', 'Female', 2),
(541, 'DEEPIKA SRI K', '921023106008', 'ECE', 'II', 'Female', 213),
(542, 'DEVADHARSHINI K', '921023106009', 'ECE', 'II', 'Female', 62),
(543, 'DHANALAKSHMI S', '921023106010', 'ECE', 'II', 'Female', NULL),
(544, 'DHASHINA S ', '921023106011', 'ECE', 'II', 'Female', 78),
(545, 'DURGASRI A', '921023106012', 'ECE', 'II', 'Female', 222),
(546, 'GAYATHRI POOJA S', '921023106013', 'ECE', 'II', 'Female', NULL),
(547, 'GOBINATH M', '921023106014', 'ECE', 'II', 'Male', 81),
(548, 'GOPIKA M', '921023106015', 'ECE', 'II', 'Female', 232),
(549, 'HARIMURUGAN S', '921023106016', 'ECE', 'II', 'Male', 77),
(550, 'HARINI S', '921023106017', 'ECE', 'II', 'Female', 78),
(551, 'JEEVANA M', '921023106018', 'ECE', 'II', 'Female', 43),
(552, 'JEEVANANDHAM A', '921023106019', 'ECE', 'II', 'Male', 22),
(553, 'JEEVETHA P', '921023106020', 'ECE', 'II', 'Female', 78),
(554, 'JEYAHARINISHREE R', '921023106021', 'ECE', 'II', 'Female', NULL),
(555, 'JEYAPRIYA L M', '921023106022', 'ECE', 'II', 'Female', 22),
(556, 'JEYA SRI K', '921023106023', 'ECE', 'II', 'Female', 62),
(557, 'KARTHICK V', '921023106024', 'ECE', 'II', 'Male', 208),
(558, 'KARTHIKRAJA V', '921023106025', 'ECE', 'II', 'Male', 12),
(559, 'KAVIYA R', '921023106026', 'ECE', 'II', 'Female', 49),
(560, 'KIRUTHIKA M', '921023106027', 'ECE', 'II', 'Female', 12),
(561, 'MANIKANDAN M', '921023106028', 'ECE', 'II', 'Male', 219),
(562, 'MAREESWARI B', '921023106029', 'ECE', 'II', 'Female', 19),
(563, 'MOGANA PRIYA M', '921023106030', 'ECE', 'II', 'Female', 222),
(564, 'MOHANAMITHRAA M', '921023106031', 'ECE', 'II', 'Female', 27),
(565, 'NAGAJOTHI S', '921023106032', 'ECE', 'II', 'Female', 222),
(566, 'NAGESHWARAN K', '921023106033', 'ECE', 'II', 'Male', 81),
(567, 'NANDHINI R', '921023106034', 'ECE', 'II', 'Female', 232),
(568, 'PIRIYA LAXMI E', '921023106035', 'ECE', 'II', 'Female', 43),
(569, 'POOJA P', '921023106036', 'ECE', 'II', 'Female', NULL),
(570, 'RATHEESWARI P', '921023106037', 'ECE', 'II', 'Female', 38),
(571, 'RESHMA K', '921023106038', 'ECE', 'II', 'Female', 12),
(572, 'SABRIN FATHIMA Z', '921023106039', 'ECE', 'II', 'Female', 58),
(573, 'SADHA SRI V', '921023106040', 'ECE', 'II', 'Female', 7),
(574, 'SAMEENA BANU P', '921023106041', 'ECE', 'II', 'Female', 232),
(575, 'SANKARA NARAYANAN S', '921023106042', 'ECE', 'II', 'Male', 12),
(576, 'SANTHIYA G', '921023106043', 'ECE', 'II', 'Female', 40),
(577, 'SHARVARI S', '921023106044', 'ECE', 'II', 'Female', 38),
(578, 'SRINITHI C', '921023106045', 'ECE', 'II', 'Female', 232),
(579, 'SUBASRI M', '921023106046', 'ECE', 'II', 'Female', 62),
(580, 'SUGESHRAM R', '921023106047', 'ECE', 'II', 'Male', 58),
(581, 'SWATHI K', '921023106048', 'ECE', 'II', 'Female', 211),
(582, 'SWETHASREE P', '921023106049', 'ECE', 'II', 'Female', NULL),
(583, 'VIJAYARAGAVAN C', '921023106050', 'ECE', 'II', 'Male', 78),
(584, 'AJAY D', '921023114001', 'MECH', 'II', 'Male', 18),
(585, 'DHIYANESH K', '921023114002', 'MECH', 'II', 'Male', 70),
(586, 'HARI RAM R', '921023114003', 'MECH', 'II', 'Male', 77),
(587, 'KARUTHAPANDI E', '921023114004', 'MECH', 'II', 'Male', 46),
(588, 'PANDEESWARAN B', '921023114005', 'MECH', 'II', 'Male', 70),
(589, 'RAJESH KUMAR M', '921023114006', 'MECH', 'II', 'Male', NULL),
(590, 'SANJAY K', '921023114007', 'MECH', 'II', 'Male', 77),
(591, 'SATHISH P', '921023114008', 'MECH', 'II', 'Male', NULL),
(592, 'YOGESH G', '921023114009', 'MECH', 'II', 'Male', 72),
(593, 'DEEPAN RAJ E', '2024LME030', 'MECH', 'II', 'Male', 42),
(594, 'ABI S', '921023205001', 'IT', 'II', 'Female', 61),
(595, 'ANUDARSHNI A', '921023205002', 'IT', 'II', 'Female', NULL),
(596, 'ARCHANA DEVI C', '921023205003', 'IT', 'II', 'Female', 34),
(597, 'DHIVYA DHARSHINI S', '921023205004', 'IT', 'II', 'Female', 54),
(598, 'DIVYASRI P', '921023205005', 'IT', 'II', 'Female', 81),
(599, 'HARINI P', '921023205006', 'IT', 'II', 'Female', 14),
(600, 'ISMATH FATHIMA J', '921023205007', 'IT', 'II', 'Female', 54),
(601, 'JEBANIKITHA N', '921023205008', 'IT', 'II', 'Female', 81),
(602, 'LOGESHWARI S', '921023205009', 'IT', 'II', 'Female', 233),
(603, 'MONIKA B', '921023205010', 'IT', 'II', 'Female', 210),
(604, 'NAVEENA G', '921023205011', 'IT', 'II', 'Male', 77),
(605, 'NITHYASRI M', '921023205012', 'IT', 'II', 'Female', 24),
(606, 'NOORULNAFEELA A', '921023205013', 'IT', 'II', 'Female', 210),
(607, 'PANDIYARAJAN K', '921023205014', 'IT', 'II', 'Male', 14),
(608, 'RISHIKESH K', '921023205015', 'IT', 'II', 'Male', 210),
(609, 'SAFRIN T', '921023205016', 'IT', 'II', 'Female', NULL),
(610, 'SAHANA G', '921023205017', 'IT', 'II', 'Female', 14),
(611, 'SHAHANA V', '921023205018', 'IT', 'II', 'Female', 214),
(612, 'SINDHU S', '921023205019', 'IT', 'II', 'Female', 210),
(613, 'SIVAYOGA K', '921023205020', 'IT', 'II', 'Female', 81),
(614, 'SONI P', '921023205021', 'IT', 'II', 'Female', 77),
(615, 'SOWMIYA K', '921023205022', 'IT', 'II', 'Female', NULL),
(616, 'SUJITHA B', '921023205023', 'IT', 'II', 'Female', NULL),
(617, 'THANUSHKUMAR P', '921023205024', 'IT', 'II', 'Male', 214),
(618, 'VAITHEESHWARI R', '921023205025', 'IT', 'II', 'Female', 40),
(619, 'VANI SRI M', '921023205026', 'IT', 'II', 'Female', NULL),
(620, 'YOKESH KUMAR R', '921023205027', 'IT', 'II', 'Male', 214),
(621, 'AJAY PRASATH K', '921023243001', 'AI&DS', 'II', 'Male', 33),
(622, 'ANFIYAA M', '921023243002', 'AI&DS', 'II', 'Female', NULL),
(623, 'ANJALI S', '921023243003', 'AI&DS', 'II', 'Female', 14),
(624, 'ASIM FATHIMA P', '921023243004', 'AI&DS', 'II', 'Female', 30),
(625, 'BALAJI B', '921023243005', 'AI&DS', 'II', 'Male', 56),
(626, 'DEVENDRAKUMAR P', '921023243006', 'AI&DS', 'II', 'Male', 232),
(627, 'GOKUL M', '921023243007', 'AI&DS', 'II', 'Male', 232),
(628, 'HARI PRABHA S', '921023243008', 'AI&DS', 'II', 'Female', 30),
(629, 'KAVIYAMAHESHWARI J', '921023243009', 'AI&DS', 'II', 'Female', 56),
(630, 'LOGESHKUMAR R', '921023243010', 'AI&DS', 'II', 'Male', 40),
(631, 'MALARVIZHI S', '921023243011', 'AI&DS', 'II', 'Female', 30),
(632, 'MUTHULAKSHMI P', '921023243012', 'AI&DS', 'II', 'Female', 30),
(633, 'MUTHUMARI M', '921023243013', 'AI&DS', 'II', 'Female', 12),
(634, 'PRITHIKA S', '921023243014', 'AI&DS', 'II', 'Female', 41),
(635, 'RAJAPRABA R', '921023243015', 'AI&DS', 'II', 'Female', 56),
(636, 'RUUBAN RAJ R', '921023243016', 'AI&DS', 'II', 'Male', 3),
(637, 'SAFIKUL FARINAZ S', '921023243017', 'AI&DS', 'II', 'Female', NULL),
(638, 'SHRIMATHI R', '921023243018', 'AI&DS', 'II', 'Female', 214),
(639, 'SRI HARINI PRIYA S', '921023243019', 'AI&DS', 'II', 'Female', 34),
(640, 'SUSMITHA S', '921023243020', 'AI&DS', 'II', 'Female', 34),
(641, 'VARUNI T', '921023243021', 'AI&DS', 'II', 'Female', 220),
(642, 'VASUKI P', '921023243022', 'AI&DS', 'II', 'Female', 34),
(643, 'VISHALINI K', '921023243023', 'AI&DS', 'II', 'Female', NULL),
(644, 'VISHNU PARAMESH B', '921023243024', 'AI&DS', 'II', 'Male', 3),
(645, 'YOGESHKUMAR R', '921023243025', 'AI&DS', 'II', 'Male', 56),
(646, 'YOKESH J', '921023243026', 'AI&DS', 'II', 'Male', 40),
(647, 'YUKTHA S', '921023243027', 'AI&DS', 'II', 'Female', 210);

-- --------------------------------------------------------

--
-- Table structure for table `teams`
--

CREATE TABLE `teams` (
  `id` int NOT NULL,
  `team_name` varchar(255) COLLATE utf8mb4_general_ci NOT NULL,
  `team_lead` char(12) COLLATE utf8mb4_general_ci NOT NULL,
  `team_id` varchar(50) COLLATE utf8mb4_general_ci NOT NULL,
  `ps_id` varchar(50) COLLATE utf8mb4_general_ci DEFAULT NULL,
  `mentor_id` int DEFAULT NULL,
  `email` varchar(255) COLLATE utf8mb4_general_ci NOT NULL,
  `password` varchar(255) COLLATE utf8mb4_general_ci NOT NULL,
  `team_members` longtext CHARACTER SET utf8mb4 COLLATE utf8mb4_bin,
  `idea_ppt` varchar(255) COLLATE utf8mb4_general_ci DEFAULT NULL,
  `updated_at` datetime NOT NULL,
  `created_at` timestamp NOT NULL DEFAULT CURRENT_TIMESTAMP
) ;

--
-- Dumping data for table `teams`
--

INSERT INTO `teams` (`id`, `team_name`, `team_lead`, `team_id`, `ps_id`, `mentor_id`, `email`, `password`, `team_members`, `idea_ppt`, `updated_at`, `created_at`) VALUES
(1, 'TECH PIRATES', '921021104053', 'NH-T01', NULL, NULL, 'uvasripandian@gmail.com', '$2y$10$peU7PRZ66nz1Ddbt2h7A/u8m5sCkYPMgVKkFAy8DqzWNz.jk4yaG2', '[\"921021104022\",\"921022106002\",\"921022106034\",\"921022106030\",\"921021104056\"]', NULL, '2024-08-26 14:53:47', '2024-08-26 09:20:00'),
(2, 'CIRCUIT CRAFT', '921022104025', 'NH-T02', NULL, NULL, 'gunaramesh1990@gmail.com', '$2y$10$D714E9p81IwD8LM1AP3fZ.uDYLbj/XvSkSNWOIt9rPk8obY59ejhu', '[\"921023106007\",\"921021103004\",\"921022104012\",\"921021114008\",\"921022106031\"]', NULL, '2024-08-26 14:52:57', '2024-08-26 09:20:06'),
(3, 'THE DECIDERS', '921022106049', 'NH-T03', NULL, NULL, 'Shanthanakathiresan1923@gmail.com', '$2y$10$qi5gbkb2.U6XfBF2tyZJr.OsS/38qV0KfE6tW2TTFXnE02qrPz5uS', '[\"921022106046\",\"921022106052\",\"921022106006\",\"921023243024\",\"921023243016\"]', NULL, '2024-08-26 14:54:33', '2024-08-26 09:20:11'),
(4, 'NEO ALCHEMY', '921021104019', 'NH-T04', NULL, NULL, 'kiruthikabaskar16@gmail.com', '$2y$10$sAS.dDr.glE06jjDTyyG3.sJk.yqk2OjUciFoBAQZAqjqBM0ra1Vm', '[\"921021104005\",\"921022104010\",\"921021104027\",\"921022205019\",\"921022106041\"]', NULL, '2024-08-26 14:53:45', '2024-08-26 09:20:16'),
(5, 'TECH TRAILBLAZERS', '921021104002', 'NH-T05', NULL, NULL, 'akashvenivel@gmail.com', '$2y$10$gEENMfE43/FgCvkBBrD3peAfb33XfVCbUXnohvusmZ56VBS6Ncj7q', '[\"921021104054\",\"921022104036\",\"921022104035\",\"921022106008\",\"921022106004\"]', NULL, '2024-08-26 14:53:35', '2024-08-26 09:20:21'),
(6, 'CYBER TORTOISE 3', '921021104011', 'NH-T06', NULL, NULL, 'sgopika11504@gmail.com', '$2y$10$XmguPrxkMNUNeZYTCnnyS.DjuqMV28LKNC4I2KyzRDyhB0EfVdXQC', '[\"921021104004\",\"921021104025\",\"921021106003\",\"921021114042\",\"921022106009\"]', NULL, '2024-08-26 14:53:19', '2024-08-26 09:20:23'),
(7, 'PINNACLE HACKSMITHS', '921022104038', 'NH-T07', NULL, NULL, 'ravintharravinthar2005@gmail.com', '$2y$10$NAOOdMz.bqD6iA0QxBmT3.R7YHHm1OVspq78xRJGVzcZQX0W6qonS', '[\"921022104003\",\"921022104015\",\"921022104053\",\"921023106040\",\"921023106005\"]', NULL, '2024-08-26 14:55:03', '2024-08-26 09:20:24'),
(8, 'DYMAIC FORCE', '921023105013', 'NH-T08', NULL, NULL, 'harinasuresh82@gmail.com', '$2y$10$1rmqzcGg16lsuqhUUIrTkeLKpJJ/xjviw5b5CSyfAh3RdkCr4ZtP.', '[\"921023105015\",\"921023105025\",\"921023105027\",\"921023103010\",\"921022114017\"]', NULL, '2024-08-26 15:52:00', '2024-08-26 09:20:35'),
(9, 'NEXGEN WIZARDS', '921021104015', 'NH-T09', NULL, NULL, 'rajeevithaa.2004@gmail.com', '$2y$10$.vsmDF7p5jO3YiSrJSDgB.RnMM3cwVMmkRU.aE6ky1.n4s8ZTgRxe', '[\"921021104052\",\"921021103024\",\"921021106022\",\"921022104008\",\"921022104060\"]', NULL, '2024-08-26 14:52:47', '2024-08-26 09:20:41'),
(10, 'ATOM CODERS', '921021104001', 'NH-T10', NULL, NULL, 'Abisheck84@gmail.com', '$2y$10$OZAGxcQZgJvR8Cj7PoVgaOFbcLNrm65I6OeELuehDeAvFiX5COtxu', '[\"921021106018\",\"921021106025\",\"921021104021\",\"921021104036\",\"921021106004\"]', NULL, '2024-08-26 14:59:25', '2024-08-26 09:20:45'),
(11, 'SPARKING SIX', '921023105001', 'NH-T11', NULL, NULL, 'akashsenthilkumar786@gmail.com', '$2y$10$afUqBMHmMmhBUjqunpXi2OfRe23AvHboKGjv7xuOA1t/U79W6ooNm', '[\"921023105014\",\"921023105004\",\"921023105023\",\"921021114003\",\"921021114015\"]', NULL, '2024-08-26 15:52:11', '2024-08-26 09:20:45'),
(12, 'CIRCUIT CRACKERS', '921023106006', 'NH-T12', NULL, NULL, 'ssanthoshdhoni6@gmail.com', '$2y$10$7qDPuqUtiWBHEtDXwIjzIOpZHn251wkIk9QRAsVBVqJqpfDuY5Q2S', '[\"921023106042\",\"921023106025\",\"921023106027\",\"921023106038\",\"921023243013\"]', NULL, '2024-08-26 15:09:11', '2024-08-26 09:20:47'),
(13, 'FUSION INNOVATORS', '921022104042', 'NH-T13', NULL, NULL, 'shivanihaj@gmail.com', '$2y$10$7I5Jbs0HCRpNaCOOs0Cnc.jpglxwxN2vokfzZ.JBXRvSiq6BDffNW', '[\"921022104052\",\"921022104022\",\"921022103013\",\"921022103020\",\"921022104017\"]', NULL, '2024-08-26 15:02:48', '2024-08-26 09:21:07'),
(14, 'TECH TITANS', '921023205006', 'NH-T14', NULL, NULL, 'harinipalpandi12@gmail.com', '$2y$10$sjzidlWyEBkgHLngeyj21e.cITVKgdF3PQ2kitMnpHMBE//AtiDvS', '[\"921023205014\",\"921023205017\",\"921023103005\",\"921023103003\",\"921023243003\"]', NULL, '2024-08-26 15:04:50', '2024-08-26 09:21:12'),
(15, 'NEXT GEN', '921023105017', 'NH-T15', NULL, NULL, 'kathirvelsamy858@gmail.com', '$2y$10$wRJLISKwFtEcsBqAqWuWNu9kerkJvbo4YBKk8lWx4QoEvVIZrKfcO', '[\"921023105035\",\"921023105003\",\"921023105011\",\"921022104004\",\"921022104005\"]', NULL, '2024-08-26 14:58:46', '2024-08-26 09:21:17'),
(16, 'ENERGY RUN', '921021105012', 'NH-T16', NULL, NULL, 'mahalakshmilakshmanan4@gmail.com', '$2y$10$BJiHsLw2NwXpbMenYCNrCu/LnNpgpj3nCbMhACbVb7nRKXQEh5U1i', '[\"921021105004\",\"921021114014\",\"921022243001\",\"921023105033\",\"921021103301\"]', NULL, '2024-08-26 15:19:29', '2024-08-26 09:21:24'),
(17, 'BHARATHI C', '921021104003', 'NH-T17', NULL, NULL, 'bharathisekar1508@gmail.com', '$2y$10$5blLSnu/e6RK14RRxqj1feEf0MVmVvMM.JTOrLBQWCQLF69.GPi/a', '[\"921022106012\",\"921022106021\",\"921022243009\",\"921021104030\",\"921022205013\"]', NULL, '2024-08-26 15:03:35', '2024-08-26 09:21:29'),
(18, 'CMC TECH', '921023104006', 'NH-T18', NULL, NULL, 'kbaladinesh.nscet@gmail.com', '$2y$10$pilIHkkMeoiTOgzLJQo2peqJPpMsv21BPFnEL5aAXu7uBQLtYnnqm', '[\"921023103018\",\"921023104026\",\"921023114001\",\"921023103016\",\"921023103001\"]', NULL, '2024-08-26 14:54:39', '2024-08-26 09:21:32'),
(19, 'CODE CUPIDS', '921023104002', 'NH-T19', NULL, NULL, 'athilkhan2005@gmail.com', '$2y$10$VujLrUNiRHfprx.cQRAZkuG12rAsKVm8IZnkMHhAMmZQ7FZemtpuS', '[\"921023104024\",\"921023104043\",\"921023104045\",\"921023106029\",\"921021114019\"]', NULL, '2024-08-26 14:56:03', '2024-08-26 09:21:35'),
(20, 'ELECTRICDYERS', '921022105007', 'NH-T20', NULL, NULL, '1705madhu@gmail.com', '$2y$10$qKxf5N7ydGI0yMgSIHcDCOYrS3qcLnZMG.XRvs2nzBWMo.n7Qwrym', '[\"921022105008\",\"921022105017\",\"921022104002\",\"921021114025\",\"921021114032\"]', NULL, '2024-08-26 15:01:38', '2024-08-26 09:21:40'),
(21, 'GOLDEN DAWNS', '921022105012', 'NH-T21', NULL, NULL, 'meenalochanan@gmail.com', '$2y$10$2FRgySAYmGDL6MEFZOgiS.x4QMjK7tCmZVLpeAR0Khque0idCYGCu', '[\"921022105006\",\"921022105002\",\"921022105005\",\"921023104047\",\"921022243016\"]', NULL, '2024-08-26 14:54:23', '2024-08-26 09:21:59'),
(22, 'NEBULA NAVIGATORS', '921022104031', 'NH-T22', NULL, NULL, 'nnanthidhasaravanan@gmail.com', '$2y$10$I/FHEPVf5xXqtXhlYingQuoQpbwC1I2KqZ8nc7yOKZ5U1SODi9nCO', '[\"921022104045\",\"921022104044\",\"921022104059\",\"921023106019\",\"921023106022\"]', NULL, '2024-08-26 14:56:17', '2024-08-26 09:22:13'),
(23, 'DREAMSHACK', '921022105024', 'NH-T23', NULL, NULL, 'priyankaswathi25@gmail.com', '$2y$10$ZXZPsacJ.cQQoHGb6cBWXOQj7tql9So3eQfPnbhdtGmh/JgHLdhFi', '[\"921022105011\",\"921022105303\",\"921022105029\",\"921022106027\",\"921022106015\"]', NULL, '2024-08-26 15:39:47', '2024-08-26 09:22:43'),
(24, 'SOLUTION MAKERS', '921021106010', 'NH-T24', NULL, NULL, 'vjsvjaisurya@gmail.com', '$2y$10$lJ4YeAPFPHPoG6Mn55YGye0QlQn5WLRpEPbdbhBBH1v8oE2Ez9Dle', '[\"921021106001\",\"921021106002\",\"921021106016\",\"921021106021\",\"921023205012\"]', NULL, '2024-08-26 15:01:53', '2024-08-26 09:22:59'),
(25, 'TECH FUSION', '921021104029', 'NH-T25', NULL, NULL, 'mukilan.coder@gmail.com', '$2y$10$Y0iQ2V3W9eolg.VaxomVK.Z8mJGXNAFA678GxeKLNE.j2D45NsB3m', '[\"921021104026\",\"921021106009\",\"921021106012\",\"921021104057\",\"921021104014\"]', NULL, '2024-08-26 14:54:48', '2024-08-26 09:23:13'),
(26, 'TECH SWAGGERZ', '921021104010', 'NH-T26', NULL, NULL, 'epshiba2004@gmail.com', '$2y$10$QTLr5x0IIu5OMDCs/TwPY.DjVRTcL3hRRHL5vZNdmH7MMHCYUNIWG', '[\"921021104020\",\"921021104048\",\"921022106032\",\"921022106033\",\"921022106045\"]', NULL, '2024-08-26 14:59:02', '2024-08-26 09:23:35'),
(27, 'VORTEX GLADIATORS', '921022205002', 'NH-T27', NULL, NULL, 'abigayathri23@gmail.com', '$2y$10$hl9iYYjSyy7hzi8FKaUfwuoloXlx1JxA3vkYQFfIFW/MiPIaMl3vm', '[\"921022205021\",\"921022243015\",\"921023104046\",\"921023106031\",\"921023105009\"]', NULL, '2024-08-26 14:58:16', '2024-08-26 09:23:39'),
(28, 'DIGITAL DREAMERS', '921022105027', 'NH-T28', NULL, NULL, 'alon57302@gmail.com', '$2y$10$sjGJOLcMHxGPvK3HlDw27.qwH0h/JRIWohItLh.ZFtGAc53EqGt4.', '[\"921022105004\",\"921022105014\",\"921022105026\",\"921023104041\",\"921023104022\"]', NULL, '2024-08-26 14:56:38', '2024-08-26 09:23:46'),
(29, 'TECH WARRIORS', '921022104043', 'NH-T29', NULL, NULL, 'veerajothisimri@gmail.com', '$2y$10$Bp7EGcNO/oWW2mQlnP2qKu4N3AGfoGvCOFIGGeNkYg6S0Re6NvTb2', '[\"921022104007\",\"921022104034\",\"921022104058\",\"921022106023\",\"921022105022\"]', NULL, '2024-08-26 14:57:35', '2024-08-26 09:23:51'),
(30, 'INFO SQUARD', '921023243008', 'NH-T30', NULL, NULL, 'yuvarajpj2005@gmail.com', '$2y$10$JXjhpMyb1J6V5fUw3PIGb.emquVn7dXsGX2bqX/KRHpREcr5S./N2', '[\"921023105037\",\"921023243011\",\"921023105021\",\"921023243012\",\"921023243004\"]', NULL, '2024-08-26 15:04:47', '2024-08-26 09:24:09'),
(31, 'TECH ALBATROSS', '921022104026', 'NH-T31', NULL, NULL, 'madhubalas007@gmail.com', '$2y$10$S0a.QwuKkJ91ax/2SLwOL.9e/FpOYJNtuKupPUBQfsfnXV1VjKFOa', '[\"921022104030\",\"921022104014\",\"921022103007\",\"921022103015\",\"921022103006\"]', NULL, '2024-08-26 14:56:50', '2024-08-26 09:24:43'),
(32, 'FUSION FORCE', '921022243008', 'NH-T32', NULL, NULL, 'ishaniamutha08@gmail.com', '$2y$10$UchLHAaM2fSExSoKduoIIe.DH4E6qhDrcJuJnJJCHPAa5YtitSdt.', '[\"921022205016\",\"921022205026\",\"921022106043\",\"921022106059\",\"921022106058\"]', NULL, '2024-08-26 14:59:44', '2024-08-26 09:24:44'),
(33, 'SYNTAX SURGEONS', '921022243018', 'NH-T33', NULL, NULL, 'deennijam32@gmail.com', '$2y$10$d1MDbErMMlbOCktRB2c6r.0r7hwl.Tq.6UVMrbnF9Sq1GO9Izji/.', '[\"921022243023\",\"921022243010\",\"921022104028\",\"921022103021\",\"921023243001\"]', NULL, '2024-08-26 15:00:31', '2024-08-26 09:25:57'),
(34, 'DATAFORGE', '921021114007', 'NH-T34', NULL, NULL, 'gowrishankar575757@gmail.com', '$2y$10$sAegZRHcHPsBMtCnMqv5/eSf1w6pnGGzvQ/uj7YjzRVMkrPJ4XXeq', '[\"921021114041\",\"921023243020\",\"921023243019\",\"921023243022\",\"921023205003\"]', NULL, '2024-08-26 15:02:24', '2024-08-26 09:26:03'),
(35, 'CODE ARCHITECT', '921021104006', 'NH-T35', NULL, NULL, 'deepikaravikumar3005@gmail.com', '$2y$10$b4VdWncOTuSUwLx9IIhmUOnlPVYj1aeEDPtRhX7GknJ5tMgjBYNXm', '[\"921021104043\",\"921021103012\",\"921021103007\",\"921022205018\",\"921021103025\"]', NULL, '2024-08-26 15:03:41', '2024-08-26 09:26:11'),
(36, 'CONTROL FREAKS', '921021105005', 'NH-T36', NULL, NULL, 'gobsgobikam@gmail.com', '$2y$10$XAwLkAG86xERSyzWD1LoSu7kte9qUX9AxP91AE1xDpgh6wdcoY2XS', '[\"921021105015\",\"921022104024\",\"921022104029\",\"921021114016\",\"2024TCS067\"]', NULL, '2024-08-26 15:01:57', '2024-08-26 09:26:12'),
(37, 'CODE CRAFTERS', '921021106013', 'NH-T37', NULL, NULL, 'CodeCrafters12k@gmail.com', '$2y$10$0Jt9jA/fA7kpcjEZyuz8q.CdyQIVtEW.H/QY2Mn7WzxZFJ4ofMFIO', '[\"921021106030\",\"921023104018\",\"921023104014\",\"921023104030\",\"921023104032\"]', NULL, '2024-08-26 15:14:18', '2024-08-26 09:26:42'),
(38, 'TECHELECT', '921021104037', 'NH-T38', NULL, NULL, 'ramprasathrp2003@gmail.com', '$2y$10$EZgnVEo/TlTBb1H36yJhi.Zqv5BoMsEqyJYMDNbjB4TwhAUehq5uW', '[\"921023105018\",\"921023106037\",\"921023106044\",\"921023104042\",\"921023104010\"]', NULL, '2024-08-26 15:02:45', '2024-08-26 09:26:46'),
(39, 'CODE OF DUTY', '921021104009', 'NH-T39', NULL, NULL, 'dd125684@gmail.com', '$2y$10$gD.LNPWf4wvH9FM.8SwUR.fNZashoDiMk8CEHedVhJScM5pTrTM.C', '[\"921021104045\",\"921021104008\",\"921021104055\",\"921021103006\",\"921021103013\"]', NULL, '2024-08-26 14:59:15', '2024-08-26 09:27:15'),
(40, 'CODE CREATOR', '921022243004', 'NH-T40', NULL, NULL, 'santhiyag15072006@gmail.com', '$2y$10$Qcz9FhuRaixg5mmYWChJ7ubLVRjOkAZ2BzBN6AcoacWqROFoUyO56', '[\"921023106043\",\"921022106011\",\"921023205025\",\"921023243026\",\"921023243010\"]', NULL, '2024-08-26 15:10:06', '2024-08-26 09:27:47'),
(41, 'LIGHTNING CREW', '921022105020', 'NH-T41', NULL, NULL, 'sanjaythanks12345@gmail.com', '$2y$10$ULkwyAthZ4neKi5COwb9ResVRM0y/JKTmM8zsL8EDYIdDIu7QL9vy', '[\"921022105031\",\"921022105018\",\"921022105023\",\"921023104001\",\"921023243014\"]', NULL, '2024-08-26 15:00:40', '2024-08-26 09:27:48'),
(42, 'CODE BRIGADE', '921022106013', 'NH-T42', NULL, NULL, 'dharshantheni2004@gmail.com', '$2y$10$lVdJkgDU0HGHKN7tW80NYen.6bbD57xVeF6z9uYm1YwJy9jvV9xG2', '[\"921022106044\",\"921022106038\",\"2024LME030\",\"921023104027\",\"921023104044\"]', NULL, '2024-08-26 15:41:36', '2024-08-26 09:27:49'),
(43, 'TECH TONIC', '921022104046', 'NH-T43', NULL, NULL, '22srinathi@gmail.com', '$2y$10$BFuKpqIGLLSbujLUIYuQjOcMFV4GALTfbsxKciN65Fw87AKvGyWMq', '[\"921022104001\",\"921022205005\",\"921023106018\",\"921023106035\",\"921022205006\"]', NULL, '2024-08-26 15:02:39', '2024-08-26 09:27:53'),
(44, 'TEAM ROBUST', '921022205024', 'NH-T44', NULL, NULL, 'vickysvs54681@gmail.com', '$2y$10$5xw0rUqqEr01Yo8ej1IUCednnwxb5iOf.YaqsAC.z3URYKwBK8vkK', '[\"921022106055\",\"921023104038\",\"921022104037\",\"921022104032\",\"921022104055\"]', NULL, '2024-08-26 15:57:27', '2024-08-26 09:27:57'),
(45, 'WINNER', '921023104003', 'NH-T45', NULL, NULL, 'akshayaganeshan1503@gmail.com', '$2y$10$Xne1CCiiY64jcTlvjdWbg.LaFIP3ZaiAKfgJyGIcLp9RlVUKH6dxa', '[\"921023104011\",\"921023104021\",\"921021114009\",\"921021114303\",\"921023103013\"]', NULL, '2024-08-26 15:06:45', '2024-08-26 09:27:58'),
(46, 'LIGHTING ODYSSEY', '921021105027', 'NH-T46', NULL, NULL, 'suruthi0507@gmail.com', '$2y$10$ob8GY9jfbXHREBWoGmHX9OjOf7WhwQSUfikYVxjikK9lJKXwONlDK', '[\"921021105020\",\"921021105031\",\"921021103017\",\"921021105023\",\"921023114004\"]', NULL, '2024-08-26 16:30:37', '2024-08-26 09:27:58'),
(47, 'META BRINS', '921021105301', 'NH-T47', NULL, NULL, 'rockraviraina48@gmail.com', '$2y$10$6nQ2bN8jTIBRDGK0lb4WYObsCn/e.pROqY1mGaZbCJrx6Il1TASWC', '[\"921021105302\",\"921021105029\",\"921021105002\",\"921022205003\",\"921022205012\"]', NULL, '2024-08-26 15:02:13', '2024-08-26 09:28:20'),
(48, 'EAN INNOVATORS', '921022106051', 'NH-T48', NULL, NULL, 'sivarohit1517@gmail.com', '$2y$10$WCKdW5nqWNMm5HbEFI9YQej09gN6v0j.LWcmHblqeJ4qc8o/ADVp2', '[\"921022205011\",\"921022243017\",\"921022106056\",\"921022243011\",\"921021106017\"]', NULL, '2024-08-26 15:06:28', '2024-08-26 09:28:28'),
(49, 'TECHNO DRAGONS', '921021106031', 'NH-T49', NULL, NULL, 'veerakaleeswaran2k3@gmail.com', '$2y$10$qvzNiUO24anyWQ0zdogL..SO6xdT.NquakwuwJ.dcWMyol1SxsufC', '[\"921022106010\",\"921022104056\",\"921022104039\",\"921022104033\",\"921023106026\"]', NULL, '2024-08-26 15:07:21', '2024-08-26 09:28:31'),
(51, 'TECH ODYSSEY', '921021105022', 'NH-T51', NULL, NULL, 'murugeswariarun5766@gmail.com', '$2y$10$wrUNFzuB3Nzx5xuj9jYOguAcmRqMpZhtl9vAthRtfXU6jMfmhL2g.', '[\"921021114027\",\"921021114047\",\"921021114004\",\"921021114036\",\"921023105019\"]', NULL, '2024-08-26 15:55:18', '2024-08-26 09:28:36'),
(52, 'GRASS SQUAD', '921022243003', 'NH-T52', NULL, NULL, 'akshayaakshayak2005@gmail.com', '$2y$10$Fkzy.7rzrt7iuxEH2pCke.VJW0/1AHoQNuy83LVZS505PM9Cm.oWS', '[\"921022243020\",\"921022243022\",\"921022114021\",\"921022114008\",\"921022106018\"]', NULL, '2024-08-26 15:18:38', '2024-08-26 09:28:37'),
(53, 'HACKATTACK', '921023104035', 'NH-T53', NULL, NULL, 'hackattack657@gmail.com', '$2y$10$mLCGOCVIce8ii3O4Y072terT7ksg3WrSUJT777p/IwvOrRLOheGQS', '[\"921023104020\",\"921023104004\",\"921023104012\",\"921023105030\",\"921022114004\"]', NULL, '2024-08-26 17:13:24', '2024-08-26 09:28:50'),
(54, 'AGRI TECH INOVATORS', '921021105017', 'NH-T54', NULL, NULL, 'smnagaprabu@gmail.com', '$2y$10$pmlRAhgDaTlLnj1n.EMeg.4R4yAHcGl5c02BUvl8duKCxzYeaT832', '[\"921021105007\",\"921021105013\",\"921023205004\",\"921023205007\",\"921023104039\"]', NULL, '2024-08-26 15:04:14', '2024-08-26 09:28:51'),
(55, 'DIGITAL DEFENDERS', '921021104047', 'NH-T55', NULL, NULL, 'msowmiya033@gmail.com', '$2y$10$UH24uT71PACj9Rnj/tMpheAvvRY6207Jr3hChzla1wOzTexqvr2pO', '[\"921021104035\",\"921021104012\",\"921021103016\",\"921021103008\",\"921021106027\"]', NULL, '2024-08-26 15:01:45', '2024-08-26 09:29:20'),
(56, 'CODE CRUSHERS', '921023243015', 'NH-T56', NULL, NULL, 'rajapraba396@gmail.com', '$2y$10$mscYVq3ZBTflT2pDVDxrxee5fhJUltWx1MUp0ZpTbvlKeoGVGtRPG', '[\"921023243025\",\"921023243005\",\"921023105010\",\"921021114031\",\"921023243009\"]', NULL, '2024-08-26 15:04:07', '2024-08-26 09:29:24'),
(57, 'TALENT TACTICIANS', '921021104032', 'NH-T57', NULL, NULL, 'nathiyap1003@gmail.com', '$2y$10$60rUV2WHezM1ui0a5zCUD.uGt97ZNZTauom1o/AOkFOp46fGsD.Ke', '[\"921022104051\",\"921022104018\",\"921022104019\",\"921021103028\",\"921021103020\"]', NULL, '2024-08-26 15:03:51', '2024-08-26 09:29:47'),
(58, 'INNOVATION ILLUMINATORS', '921022104011', 'NH-T58', NULL, NULL, 'farhana12crescent@gmail.com', '$2y$10$AGURZYbg8oTra.RFZd8gQuX3jjiVOuJ5CiyDmivzLdEOoy8eiClei', '[\"921022104021\",\"921022104020\",\"921023106039\",\"921022114301\",\"921023106047\"]', NULL, '2024-08-27 13:53:20', '2024-08-26 09:30:14'),
(60, 'NEXTGEN INNOVATORS', '921021104017', 'NH-T59', NULL, NULL, 'ts5138401@gmail.com', '$2y$10$6EUfF99WwWrwiHd/.Vt.C.noBKHLChD7lQNJAD.WKL040suB8M/.C', '[\"921021104007\",\"921021104041\",\"921021104034\",\"921021114006\",\"921021114001\"]', NULL, '2024-08-26 15:06:44', '2024-08-26 09:33:11'),
(61, 'HACK ELITE', '921022243005', 'NH-T60', NULL, NULL, 'shridheiva@gmail.com', '$2y$10$851kQy8Jt3skiNUdd/0Dh.Wydu83VgFg3aeV/S1n6sgKiRBey5lga', '[\"921022243021\",\"921022106019\",\"921022106007\",\"921023105029\",\"921023205001\"]', NULL, '2024-08-26 15:06:18', '2024-08-26 09:33:31'),
(62, 'BLACK SQUAD', '921023106003', 'NH-T61', NULL, NULL, 'anantharam743@gmail.com', '$2y$10$b2wugsibTMrYjoI36npNNOZZvsrKpg1SZV.4cy7OYP.2utz5UR7te', '[\"921023106001\",\"921023106009\",\"921023106023\",\"921023106046\",\"921023104031\"]', NULL, '2024-08-26 15:25:04', '2024-08-26 09:34:43'),
(63, 'TECH FLYERS', '921021106032', 'NH-T62', NULL, NULL, 'shanjinisekar2004@gmail.com', '$2y$10$yfmzjABcNDxs8Z4XRdwRweAShr2YYVtyvLH8g6guKnHG502.wQ7RS', '[\"921022105015\",\"921022105016\",\"921022105021\",\"921021106024\",\"921021106026\"]', NULL, '2024-08-26 15:39:05', '2024-08-26 09:36:01'),
(64, 'TECH TRIBES', '921022104041', 'NH-T63', NULL, NULL, 'sachin308204@gmail.com', '$2y$10$GJJC8//DsC1ly0luop6PX.bEDzTEXwqjd1NGIPMc51/jEu/q7YU4u', '[\"921022105001\",\"921022104006\",\"921023104008\",\"921022104049\",\"921022104048\"]', NULL, '2024-08-26 15:35:33', '2024-08-26 09:36:11'),
(65, 'HELIOTECH', '921021105030', 'NH-T64', NULL, NULL, 'vishnupriyanagarajan520@gmail.com', '$2y$10$idCcKRKMpv9jmrMj0LmZSOZ4tu4aZNdc.89U9NGlQGDchSxcNwIJC', '[\"921021105011\",\"921021105016\",\"921021114023\",\"921021114011\",\"921022105010\"]', NULL, '2024-08-26 15:46:33', '2024-08-26 09:36:32'),
(66, 'INNOVATION SQUAD', '921021104040', 'NH-T65', NULL, NULL, 'vprreshmamashutha@gmail.com', '$2y$10$4fH91W6FsDBmTs9pUZJwwO3CGuV4A.Etx1geZ063Fq8dTLdqZXDrK', '[\"921021104046\",\"921022106053\",\"921022106028\",\"921022205001\",\"921021104042\"]', NULL, '2024-08-26 15:13:27', '2024-08-26 09:36:46'),
(67, 'ELECTRA', '921022106020', 'NH-T66', NULL, NULL, 'janani20052406@gmail.com', '$2y$10$1TwAAhmDMjVfhB1uLsWxD.oXkkw.W9e6xldDW81ZFnwW6FaI/G0Yq', '[\"921022106001\",\"921022106054\",\"921023104034\",\"921023104019\"]', NULL, '2024-08-26 15:23:48', '2024-08-26 09:38:00'),
(68, 'ROBUST', '921022104055', 'NH-T67', NULL, NULL, 'varshinikesavan9162@gmail.com', '$2y$10$5.o8I2FoxGcGVBZH/a867uWhW.hhVu3zQJwz1Vxjl.YUHRYTakJU.', NULL, NULL, '0000-00-00 00:00:00', '2024-08-26 09:38:54'),
(69, 'THE DEFENDERS', '921021105021', 'NH-T68', NULL, NULL, 'gunanithya52@gmail.com', '$2y$10$/XLn6Fk2FeZb8KtMLBR.s.563Gn2WKZhC743BvVlc92chW3i.MASa', '[\"921021105019\",\"921021105003\",\"921021105026\",\"921021114034\",\"921021114039\"]', NULL, '2024-08-26 15:42:49', '2024-08-26 09:40:09'),
(70, 'BINARY BRAINS', '921021106015', 'NH-T69', NULL, NULL, 'lkumar4105@gmail.com', '$2y$10$11PF2q1kg/JmZXVYyBdyJ.mAjJMURMCZCp0VJ8KOWp/88zUE5NRsO', '[\"921021106007\",\"921021106008\",\"921021106028\",\"921023114002\",\"921023114005\"]', NULL, '2024-08-26 15:39:00', '2024-08-26 09:40:33'),
(71, 'TECHNICAL DEFENDERS', '921022114025', 'NH-T70', NULL, NULL, 'visaganramesh@gmail.com', '$2y$10$dujE0JbdGllaUwBqLfJmDOPj8tn7ivOyOrlyjjD/RXWEU3J4ls39K', '[\"921022114022\",\"921022114023\",\"921022103023\",\"921022103017\",\"921022106003\"]', NULL, '2024-08-26 15:48:27', '2024-08-26 09:40:56'),
(72, 'TECHNO STARS', '921021104013', 'NH-T71', NULL, NULL, 'harinim613@gmail.com', '$2y$10$atogmVCxIickkxmHd8VaberMtjJx9mxOPkPZo.vgDd18oKKH4JIgS', '[\"921023104013\",\"921022104016\",\"921021104033\",\"921023114009\",\"921022104050\"]', NULL, '2024-08-26 15:53:53', '2024-08-26 09:41:09'),
(73, 'INNO SQUAD', '921021103002', 'NH-T72', NULL, NULL, 'abiramieswaran24@gmail.com', '$2y$10$KSWQ01mKLb7O0Dll79tFp.mx7YaCScq6WL0mlLA/aXcQ28m1sDcMa', '[\"921021103009\",\"921022104023\",\"921021114043\",\"921021114018\",\"921021114013\"]', NULL, '2024-08-26 15:44:30', '2024-08-26 09:42:43'),
(74, 'APP ARCHITECTS', '921022104047', 'NH-T73', NULL, NULL, 'srisakthisunthar4@gmail.com', '$2y$10$fy4knHh6gNUH/mT8y090n.pHzhaUJ2HYGafWDmL01gHXHU0wrkhHy', '[\"921022104054\",\"921022104057\",\"921023104033\",\"921022114015\",\"921022103005\"]', NULL, '2024-08-26 17:06:54', '2024-08-26 09:44:25'),
(75, 'TECHNO TITANS', '921021106005', 'NH-T74', NULL, NULL, 'asmitha22282@gmail.com', '$2y$10$F5z5OYrj9s4ZOnoWYMVpouVPYUsNaAe3t4Q4s2GujESAXrRDJBvUy', '[\"921022106039\",\"921022106047\",\"921022106026\",\"921022114003\",\"921022243014\"]', NULL, '2024-08-27 15:51:40', '2024-08-26 09:44:52'),
(76, 'TECHSMITHS', '921023104009', 'NH-T75', NULL, NULL, 'dhanujaselvam362005@gmail.com', '$2y$10$S7.PPaZsVeVJ9oHr5E2WE.K.KGlq9UWo0hAjXHUlRZu1zkJAI8NzC', '[\"921023104028\",\"921023103019\",\"921023103002\",\"921023103009\",\"921023105032\"]', NULL, '2024-08-26 15:32:15', '2024-08-26 09:47:22'),
(77, 'ELECTRO SPARK', '921023205021', 'NH-T76', NULL, NULL, 'antonmattew06@gmail.com', '$2y$10$tzWPRkLvSLCqIYVbuMRPG.53LpgS8z6wz9gkjfy3u300IeNJTphLu', '[\"921023205011\",\"921023106016\",\"921023114003\",\"921023114007\",\"921023106004\"]', NULL, '2024-08-26 15:24:22', '2024-08-26 09:50:03'),
(78, 'HACKIE RIDDERS', '921023106020', 'NH-T77', NULL, NULL, 'jeeve1814@gmail.com', '$2y$10$Jju6FDpS9rKSyh5Rd0rcf.dUD6vpPfHtLT0SQQ1dpfB5XOHJKrzzy', '[\"921023106050\",\"921023106017\",\"921023106011\",\"921023106002\",\"921023105036\"]', NULL, '2024-08-26 15:43:42', '2024-08-26 09:51:08'),
(79, 'HACK IS WACK', '921022106035', 'NH-T78', NULL, NULL, 'alanmd618@gmail.com', '$2y$10$AN5Yf.fyP78RQ9ZRjYqMteSUBBrzFV3vmNssiJmQ6p6zrk.RqloW2', '[\"921022106017\",\"921022106024\",\"921023103008\",\"2024TCS068\",\"2024TCS\"]', NULL, '2024-08-26 15:39:43', '2024-08-26 09:53:42'),
(80, 'MISSION POSSIBLE', '921021103022', 'NH-T79', NULL, NULL, 'ajaykumarvpi2004@gmail.com', '$2y$10$X02LMp.Cp3pU89sdJ.ohxOVP5uqU5OjDeRFHDhkCXZ9jvO523kFS2', '[\"921021105006\",\"921021105001\",\"921021105008\",\"921022106042\",\"921021103302\"]', NULL, '2024-08-26 15:37:35', '2024-08-26 09:57:01'),
(81, 'INNOVATEX', '921022243013', 'NH-T80', NULL, NULL, 'krithikabanu20@gmail.com', '$2y$10$ehQALY7HFNdyAQahLsiZhuDCeug9mnU9vOplw6Sir8hDnYoF/vG5G', '[\"921023205020\",\"921023205005\",\"921023205008\",\"921023106033\",\"921023106014\"]', NULL, '2024-08-26 15:42:35', '2024-08-26 10:05:57'),
(207, 'CODE RANGERS', '921022205015', 'NH-T81', NULL, NULL, 'techrangers2024@gmail.com', '$2y$10$5OrZ9G//lyZRNgYpkWgP0uEERGXyqjAECC0yUkmzeFzfi1N2Yrwq6', '[\"921022205008\",\"921022103024\",\"921022103019\",\"921022205020\",\"921022205009\"]', NULL, '2024-08-26 17:01:16', '2024-08-26 11:18:02'),
(208, 'CNTRL FREAKS', '921023103006', 'NH-T82', NULL, NULL, 'khemapriya361@gmail.com', '$2y$10$oI3EGwbYiHuLF0KTStZvnOmYACjwZ7cuyH6pxhVd6W.oUD.LSs0he', '[\"921023103004\",\"921023104023\",\"921023103017\",\"2024LCS051\",\"921023106024\"]', NULL, '2024-08-27 19:12:31', '2024-08-26 11:18:08'),
(209, 'CODE CRAFTS', '921021106011', 'NH-T83', NULL, NULL, 'abduljasee2004@gmail.com', '$2y$10$FyWsFmRwgMMaVliovYIYOecA0VhmpiX/6Z71MX52qmvsBNIaXaBQ.', '[\"921021106029\",\"921021106020\",\"921023104029\",\"921022205010\",\"921022243019\"]', NULL, '2024-08-26 16:56:35', '2024-08-26 11:18:54'),
(210, 'WEB WIZARDS', '921023243027', 'NH-T84', NULL, NULL, 'rrishikesh414@gmail.com', '$2y$10$MfoTN9Y/PfpjmOblTDQ8iu6z2GF3t/HENglSEoAJV8bw1GDlkXIr.', '[\"921023205015\",\"921023205010\",\"921023205019\",\"921023205013\",\"921022114024\"]', NULL, '2024-08-26 16:58:28', '2024-08-26 11:19:36'),
(211, 'TECHIE DRAGULAS', '921023104040', 'NH-T85', NULL, NULL, 'srikaran170@gmail.com', '$2y$10$Q220jS4S9VsDYTwnZwT/pukFjs5twHQ4DhjBm1ZW/njJC8U2BnrIW', '[\"921023104015\",\"921023104005\",\"921023104017\",\"921023106048\",\"921023105034\"]', NULL, '2024-08-26 16:54:15', '2024-08-26 11:20:12'),
(212, 'TRAILBLAZERS', '921022106040', 'NH-T86', NULL, NULL, 'trailblazers@gmail.com', '$2y$10$xuTMOGR.c6lMlALLeBdnyue9PucwPLW8KsNqmWvf21190MNJ4hqlK', '[\"921022106005\",\"921022106016\",\"921022106014\",\"921021104049\",\"921021104701\"]', NULL, '2024-08-26 16:55:05', '2024-08-26 11:22:12'),
(213, 'CIRCUIT CRUSADERS', '921022106025', 'NH-T87', NULL, NULL, 'sriveera73@gmail.com', '$2y$10$nCQG1IegUprDKQSiIUfPFeoU3.bNkSF5BX1KdW1XPTobCc9EJMzIq', '[\"921022106037\",\"921022106057\",\"921022105003\",\"921022105030\",\"921023106008\"]', NULL, '2024-08-26 17:02:47', '2024-08-26 11:24:55'),
(214, 'TECH SOLDIERS', '921023205024', 'NH-T88', NULL, NULL, 'thanushkumar722@gmail.com', '$2y$10$AdvebWnB64y4x7ut.zxzn.bTb0efKygjv9lXHVeJd6egyq8VpgQY6', '[\"921023205027\",\"921023205018\",\"921023243018\",\"921022105025\",\"921022106029\"]', NULL, '2024-08-27 11:32:47', '2024-08-26 11:26:54'),
(215, 'THE CIVIL TITANS', '921023103012', 'NH-T89', NULL, NULL, 'prathivarun3@gamil.com', '$2y$10$NXuZXi1.NsM.Z9BNiHHjRu8n8Oi65hTTwNrcBTE.MBA6SP92oRCti', '[\"921023103014\",\"921023103011\",\"2024LCE021\",\"2024LCE022\",\"921023105016\"]', NULL, '2024-08-26 17:10:39', '2024-08-26 11:30:00'),
(216, 'PRAKRITI', '921021103701', 'NH-T90', NULL, NULL, 'dharani002star@gmail.com', '$2y$10$iNa1Y7FXkczZAvmVvcFdN.Qk8GL3SL0Rj3G1VifBsCYD/gVBUqTY.', '[\"921021103001\",\"921021103304\",\"921021103014\",\"921021114021\",\"921021114024\"]', NULL, '2024-08-26 21:34:09', '2024-08-26 11:42:41'),
(217, 'THUNDERBIRDS', '921021114012', 'NH-T91', NULL, NULL, 'velmuruganvkesavan@gmail.com', '$2y$10$0TBkz7FogOYuT87T/9fyN.M.UArFOjQCE6dDW8MBdz9eqHNLqAlYG', '[\"921023104048\",\"921021114044\",\"921023104007\",\"921023104037\",\"921021114033\"]', NULL, '2024-08-26 17:34:41', '2024-08-26 11:52:41'),
(218, 'CODE SPIRIT', '921022106036', 'NH-T92', NULL, NULL, 'musharrafraja187@gmail.com', '$2y$10$8ucOrYx9NfTlgK3uDAM6.u4eHy//owXtcgDklqtwGfJEYqAMsKcO2', '[\"921022205007\",\"921022205017\",\"921022205023\",\"921022205025\",\"921022205022\"]', NULL, '2024-08-27 22:09:31', '2024-08-26 12:56:16'),
(219, 'TINE TACKLERS', '921022105013', 'NH-T93', NULL, NULL, 'monikaselvakani@gmail.com', '$2y$10$pq0oYgtr061KBWVfxalczORQ45ztoRx40qJwGoaMRPdTrF6Vu85o6', '[\"921022105009\",\"921022105019\",\"921023105008\",\"921023104036\",\"921023106028\"]', NULL, '2024-08-26 18:59:19', '2024-08-26 13:24:50'),
(220, 'HACK FRENZY', '921021114030', 'NH-T94', NULL, NULL, 'sanjaykumarcsk882002@gmail.com', '$2y$10$ci5F4xyvQqHSkFMjPlisG.5uWPHE9bugUEEH5GPnZTza3a630S9tK', '[\"921021114002\",\"921021114037\",\"921023243021\",\"921021104401\",\"921021104301\"]', NULL, '2024-08-26 19:40:26', '2024-08-26 13:37:15'),
(221, 'RETRO RENEGADES', '921022103002', 'NH-T95', NULL, NULL, 'devagikannancivil@gmail.com', '$2y$10$gZViSYCFt1jp6j2HFGHLOORe0S9nbeCjsPNIi1FGz1npG0o22XwjW', '[\"921022103014\",\"921022103022\",\"921022103016\",\"921022106022\",\"921022106048\"]', NULL, '2024-08-26 19:48:51', '2024-08-26 13:40:27'),
(222, 'GRIFFIN CODERS', '921022104027', 'NH-T96', NULL, NULL, 'mahmoodshafi1605@gmail.com', '$2y$10$t88u9IyE59lx5ULyn/TwDurKIsfoJ4XR6HtmAah7n1hGbqlsc9xrG', '[\"921023106012\",\"921023106032\",\"921023106030\",\"921022104009\",\"921022104013\"]', NULL, '2024-08-26 19:26:02', '2024-08-26 13:49:20'),
(223, 'TECH HUNTERS', '921021104051', 'NH-T50', NULL, NULL, 'tenshkumarkkt@gmail.com', '$2y$10$vMyuxocpSxKUd7E73K5PDOCerGPVq64fa8k1BYGX0GKxjxIeUXmV6', '[\"921021104018\",\"921021104044\",\"921021104050\",\"921021104024\",\"921021114026\"]', NULL, '2024-08-26 19:49:40', '2024-08-26 14:14:20'),
(224, 'TECH CHAMELEONS', '921021104038', 'NH-T97', NULL, NULL, 'ravinapaldurai@gmail.com', '$2y$10$u.Y301bFxgxD6NOG4V2VPu7rn/VaZij1QRM73OctgLSn/hyj769WS', '[\"921021104039\",\"921021103026\",\"921021106019\",\"921021106006\",\"921022104040\"]', NULL, '2024-08-26 19:57:09', '2024-08-26 14:23:14'),
(232, 'BUG BLASTERS', '921023243006', 'NH-T98', NULL, NULL, 'hackathonaiece@gmail.com', '$2y$10$5blcEzCd6MEy6ppwZbk2H.CqqbFcAVdwugO8kLXlprZeR6Xk8IB.m', '[\"921023243007\",\"921023106045\",\"921023106041\",\"921023106034\",\"921023106015\"]', NULL, '2024-08-27 10:24:02', '2024-08-27 04:49:52'),
(233, 'TECH TWISTERS', '921021103023', 'NH-T99', NULL, NULL, 'ssr66756@gmail.com', '$2y$10$hDchYJErWKk6eyCsSeljk.yk6jXza7ggX66tFwDr3D8fIJcQEi.M2', '[\"921021103010\",\"921021103011\",\"921023205009\",\"921021114035\",\"921021114028\"]', NULL, '2024-08-27 11:15:35', '2024-08-27 05:37:11'),
(234, 'DREAM CHASERS', '921023105007', 'NH-T100', NULL, NULL, 'subhasini2807@gmail.com', '$2y$10$k1P3UjxeN66mGQ/OyDxcauOfM3ElfNSHDfwlYXSYr3/AhTdV3CRDe', '[\"921023105006\",\"921023105031\",\"921023105028\",\"921021114302\",\"921021114017\"]', NULL, '2024-08-27 14:48:37', '2024-08-27 09:13:04'),
(235, 'THE IDEATION ENGINEERS', '921022103009', 'NH-T101', NULL, NULL, 'kaviyameena2310@gmail.com', '$2y$10$7rkcoN2ynaa2osJEsKLwFOSJ7gMUiHnm.R0RzJ5fSqF1Kr3mHrpMm', '[\"921022103025\",\"921023105012\",\"921023105020\",\"921023103007\"]', NULL, '2024-08-27 18:44:09', '2024-08-27 13:05:11');

--
-- Indexes for dumped tables
--

--
-- Indexes for table `mentors`
--
ALTER TABLE `mentors`
  ADD PRIMARY KEY (`id`),
  ADD UNIQUE KEY `email` (`email`);

--
-- Indexes for table `problem_statements`
--
ALTER TABLE `problem_statements`
  ADD PRIMARY KEY (`id`);

--
-- Indexes for table `students`
--
ALTER TABLE `students`
  ADD PRIMARY KEY (`id`),
  ADD UNIQUE KEY `reg_no` (`reg_no`),
  ADD KEY `team_id` (`team_id`);

--
-- Indexes for table `teams`
--
ALTER TABLE `teams`
  ADD PRIMARY KEY (`id`),
  ADD UNIQUE KEY `team_id` (`team_id`),
  ADD UNIQUE KEY `email` (`email`);

--
-- AUTO_INCREMENT for dumped tables
--

--
-- AUTO_INCREMENT for table `mentors`
--
ALTER TABLE `mentors`
  MODIFY `id` int NOT NULL AUTO_INCREMENT;

--
-- AUTO_INCREMENT for table `problem_statements`
--
ALTER TABLE `problem_statements`
  MODIFY `id` int NOT NULL AUTO_INCREMENT, AUTO_INCREMENT=51;

--
-- AUTO_INCREMENT for table `students`
--
ALTER TABLE `students`
  MODIFY `id` int NOT NULL AUTO_INCREMENT, AUTO_INCREMENT=648;

--
-- AUTO_INCREMENT for table `teams`
--
ALTER TABLE `teams`
  MODIFY `id` int NOT NULL AUTO_INCREMENT;

--
-- Constraints for dumped tables
--

--
-- Constraints for table `students`
--
ALTER TABLE `students`
  ADD CONSTRAINT `students_ibfk_1` FOREIGN KEY (`team_id`) REFERENCES `teams` (`id`);
COMMIT;

/*!40101 SET CHARACTER_SET_CLIENT=@OLD_CHARACTER_SET_CLIENT */;
/*!40101 SET CHARACTER_SET_RESULTS=@OLD_CHARACTER_SET_RESULTS */;
/*!40101 SET COLLATION_CONNECTION=@OLD_COLLATION_CONNECTION */;
